OccupancyLogReg,OccupancyNaiveBayes,Occ_DecisionTree,Occ_RandomForest
0.0,1.0,0.0,0.0
0.0,0.0,0.0,0.0
0.0,0.0,0.0,0.0
1.0,1.0,0.0,0.0
0.0,0.0,0.0,0.0
1.0,1.0,1.0,1.0
0.0,0.0,0.0,0.0
0.0,0.0,1.0,1.0
0.0,0.0,1.0,1.0
0.0,0.0,0.0,0.0
0.0,0.0,0.0,0.0
0.0,1.0,1.0,1.0
0.0,0.0,0.0,0.0
0.0,0.0,0.0,0.0
0.0,0.0,0.0,0.0
0.0,0.0,0.0,0.0
0.0,0.0,0.0,0.0
0.0,1.0,0.0,0.0
1.0,1.0,1.0,1.0
0.0,1.0,1.0,1.0
1.0,1.0,0.0,0.0
0.0,0.0,0.0,0.0
0.0,0.0,0.0,0.0
0.0,0.0,0.0,0.0
1.0,1.0,0.0,0.0
0.0,0.0,0.0,0.0
0.0,0.0,0.0,0.0
0.0,0.0,0.0,0.0
0.0,1.0,1.0,1.0
0.0,0.0,0.0,0.0
0.0,1.0,1.0,1.0
0.0,0.0,0.0,0.0
0.0,0.0,0.0,0.0
0.0,0.0,0.0,0.0
0.0,0.0,0.0,0.0
0.0,0.0,0.0,0.0
0.0,0.0,1.0,1.0
0.0,0.0,0.0,0.0
0.0,0.0,0.0,0.0
0.0,0.0,0.0,0.0
0.0,0.0,0.0,0.0
0.0,0.0,0.0,0.0
0.0,0.0,1.0,1.0
0.0,0.0,1.0,1.0
0.0,0.0,0.0,0.0
0.0,1.0,0.0,0.0
0.0,0.0,0.0,0.0
0.0,0.0,0.0,0.0
0.0,0.0,0.0,0.0
1.0,1.0,1.0,1.0
0.0,0.0,0.0,0.0
0.0,0.0,0.0,0.0
0.0,0.0,0.0,0.0
0.0,0.0,0.0,0.0
0.0,0.0,0.0,0.0
0.0,0.0,0.0,0.0
1.0,1.0,1.0,1.0
0.0,0.0,0.0,0.0
0.0,0.0,1.0,1.0
0.0,0.0,0.0,0.0
0.0,0.0,0.0,0.0
0.0,0.0,0.0,0.0
0.0,0.0,0.0,0.0
0.0,0.0,0.0,0.0
1.0,1.0,1.0,1.0
0.0,0.0,0.0,0.0
0.0,0.0,1.0,0.0
0.0,0.0,0.0,0.0
0.0,0.0,0.0,0.0
0.0,0.0,0.0,0.0
0.0,0.0,0.0,0.0
0.0,1.0,0.0,0.0
0.0,0.0,0.0,0.0
1.0,1.0,1.0,1.0
1.0,1.0,1.0,1.0
0.0,0.0,0.0,0.0
0.0,1.0,0.0,0.0
0.0,0.0,0.0,0.0
0.0,0.0,0.0,0.0
0.0,0.0,0.0,0.0
1.0,1.0,1.0,1.0
0.0,0.0,0.0,0.0
0.0,0.0,0.0,0.0
0.0,0.0,0.0,0.0
0.0,0.0,0.0,0.0
0.0,0.0,1.0,1.0
1.0,1.0,0.0,0.0
0.0,0.0,0.0,0.0
0.0,0.0,0.0,0.0
0.0,0.0,0.0,0.0
1.0,1.0,1.0,1.0
1.0,1.0,1.0,1.0
0.0,0.0,0.0,0.0
0.0,0.0,1.0,1.0
0.0,0.0,0.0,0.0
0.0,0.0,1.0,1.0
1.0,1.0,1.0,1.0
0.0,0.0,0.0,0.0
0.0,0.0,0.0,0.0
0.0,0.0,1.0,0.0
0.0,0.0,0.0,0.0
0.0,0.0,0.0,0.0
0.0,0.0,0.0,0.0
0.0,0.0,0.0,0.0
0.0,0.0,0.0,0.0
0.0,0.0,0.0,0.0
0.0,0.0,0.0,0.0
1.0,1.0,1.0,1.0
0.0,0.0,0.0,0.0
0.0,0.0,0.0,0.0
0.0,0.0,0.0,0.0
0.0,0.0,0.0,0.0
0.0,0.0,0.0,0.0
0.0,0.0,0.0,0.0
0.0,0.0,1.0,1.0
0.0,0.0,0.0,0.0
0.0,0.0,0.0,0.0
0.0,0.0,0.0,0.0
1.0,1.0,0.0,0.0
1.0,1.0,1.0,1.0
1.0,1.0,1.0,1.0
0.0,0.0,0.0,0.0
1.0,1.0,1.0,1.0
0.0,0.0,1.0,1.0
0.0,0.0,0.0,0.0
1.0,1.0,0.0,0.0
0.0,0.0,0.0,0.0
1.0,1.0,1.0,1.0
0.0,0.0,0.0,0.0
0.0,1.0,1.0,1.0
1.0,1.0,1.0,1.0
0.0,0.0,0.0,0.0
0.0,0.0,0.0,0.0
0.0,0.0,0.0,0.0
0.0,0.0,0.0,0.0
0.0,0.0,1.0,1.0
0.0,0.0,0.0,0.0
0.0,0.0,0.0,0.0
0.0,0.0,0.0,0.0
0.0,0.0,0.0,0.0
0.0,0.0,0.0,0.0
1.0,1.0,0.0,0.0
1.0,1.0,1.0,1.0
0.0,0.0,0.0,0.0
0.0,0.0,0.0,0.0
1.0,1.0,1.0,1.0
1.0,1.0,0.0,0.0
0.0,0.0,0.0,0.0
0.0,0.0,0.0,0.0
0.0,0.0,0.0,0.0
0.0,0.0,0.0,0.0
0.0,0.0,0.0,0.0
0.0,0.0,0.0,0.0
0.0,0.0,0.0,0.0
1.0,1.0,1.0,1.0
0.0,0.0,0.0,0.0
0.0,0.0,0.0,0.0
0.0,0.0,0.0,0.0
0.0,0.0,0.0,0.0
0.0,0.0,0.0,0.0
0.0,1.0,1.0,1.0
0.0,0.0,1.0,1.0
0.0,0.0,1.0,1.0
0.0,0.0,0.0,0.0
0.0,0.0,0.0,0.0
0.0,0.0,0.0,0.0
0.0,0.0,0.0,0.0
0.0,0.0,0.0,0.0
0.0,0.0,0.0,0.0
0.0,0.0,0.0,0.0
0.0,0.0,0.0,0.0
0.0,0.0,0.0,0.0
0.0,0.0,0.0,0.0
1.0,1.0,1.0,1.0
0.0,0.0,0.0,0.0
1.0,1.0,0.0,0.0
0.0,0.0,0.0,0.0
0.0,0.0,0.0,0.0
0.0,0.0,0.0,0.0
0.0,0.0,0.0,0.0
1.0,1.0,1.0,1.0
0.0,0.0,0.0,0.0
0.0,0.0,0.0,0.0
0.0,0.0,0.0,0.0
0.0,0.0,0.0,0.0
0.0,0.0,0.0,0.0
0.0,0.0,0.0,0.0
0.0,0.0,0.0,0.0
0.0,0.0,0.0,0.0
1.0,1.0,1.0,1.0
0.0,0.0,0.0,0.0
1.0,1.0,0.0,0.0
0.0,0.0,0.0,0.0
1.0,1.0,1.0,1.0
0.0,0.0,1.0,1.0
0.0,0.0,0.0,0.0
0.0,0.0,0.0,0.0
0.0,0.0,0.0,0.0
0.0,0.0,0.0,0.0
0.0,0.0,0.0,0.0
0.0,0.0,0.0,0.0
1.0,1.0,1.0,1.0
0.0,0.0,0.0,0.0
0.0,0.0,0.0,0.0
0.0,0.0,0.0,0.0
0.0,1.0,1.0,1.0
1.0,1.0,1.0,1.0
0.0,0.0,0.0,0.0
0.0,0.0,0.0,0.0
0.0,0.0,1.0,1.0
1.0,1.0,0.0,0.0
0.0,0.0,0.0,0.0
0.0,0.0,0.0,0.0
1.0,1.0,0.0,0.0
1.0,1.0,1.0,1.0
0.0,0.0,0.0,0.0
0.0,0.0,0.0,0.0
0.0,0.0,0.0,0.0
0.0,0.0,0.0,0.0
0.0,0.0,0.0,0.0
0.0,0.0,0.0,0.0
1.0,1.0,0.0,0.0
0.0,0.0,0.0,0.0
0.0,0.0,0.0,0.0
0.0,0.0,0.0,0.0
0.0,0.0,0.0,0.0
1.0,1.0,0.0,0.0
0.0,0.0,0.0,0.0
0.0,0.0,0.0,0.0
0.0,0.0,0.0,0.0
1.0,1.0,0.0,1.0
0.0,0.0,0.0,0.0
1.0,1.0,1.0,1.0
0.0,0.0,0.0,0.0
0.0,0.0,0.0,0.0
0.0,0.0,0.0,0.0
0.0,0.0,0.0,0.0
0.0,0.0,0.0,1.0
1.0,1.0,1.0,1.0
1.0,1.0,1.0,1.0
0.0,0.0,0.0,0.0
0.0,0.0,0.0,0.0
0.0,0.0,0.0,0.0
0.0,0.0,0.0,0.0
0.0,0.0,1.0,1.0
0.0,0.0,0.0,0.0
0.0,0.0,1.0,1.0
0.0,0.0,0.0,0.0
0.0,0.0,0.0,0.0
0.0,0.0,0.0,0.0
1.0,1.0,1.0,1.0
0.0,0.0,0.0,0.0
0.0,0.0,0.0,0.0
0.0,0.0,0.0,0.0
0.0,0.0,0.0,0.0
0.0,0.0,0.0,0.0
0.0,0.0,0.0,0.0
0.0,0.0,0.0,0.0
0.0,0.0,0.0,0.0
0.0,1.0,0.0,0.0
0.0,0.0,0.0,0.0
0.0,0.0,0.0,0.0
0.0,1.0,0.0,0.0
0.0,0.0,0.0,0.0
1.0,1.0,1.0,1.0
0.0,0.0,0.0,0.0
0.0,0.0,0.0,0.0
0.0,0.0,0.0,0.0
0.0,0.0,1.0,1.0
1.0,1.0,1.0,1.0
0.0,0.0,0.0,0.0
0.0,0.0,0.0,0.0
0.0,0.0,0.0,0.0
0.0,0.0,0.0,0.0
0.0,0.0,0.0,0.0
0.0,0.0,0.0,0.0
1.0,1.0,1.0,1.0
0.0,0.0,1.0,1.0
0.0,0.0,1.0,0.0
0.0,0.0,0.0,0.0
1.0,1.0,1.0,1.0
1.0,1.0,0.0,0.0
0.0,0.0,0.0,0.0
0.0,0.0,0.0,0.0
0.0,0.0,0.0,0.0
0.0,0.0,0.0,0.0
0.0,0.0,0.0,0.0
0.0,0.0,0.0,0.0
1.0,1.0,1.0,1.0
0.0,0.0,0.0,0.0
0.0,0.0,0.0,0.0
0.0,0.0,0.0,0.0
0.0,1.0,1.0,1.0
0.0,0.0,0.0,0.0
1.0,1.0,1.0,1.0
0.0,0.0,0.0,0.0
0.0,0.0,0.0,0.0
0.0,0.0,0.0,0.0
0.0,0.0,0.0,0.0
0.0,0.0,0.0,0.0
0.0,0.0,0.0,0.0
0.0,0.0,0.0,0.0
0.0,0.0,0.0,0.0
1.0,1.0,1.0,1.0
0.0,0.0,0.0,0.0
0.0,0.0,0.0,0.0
0.0,0.0,0.0,0.0
1.0,1.0,1.0,1.0
0.0,0.0,1.0,1.0
1.0,1.0,1.0,1.0
1.0,1.0,0.0,0.0
0.0,0.0,0.0,0.0
0.0,0.0,0.0,0.0
0.0,0.0,0.0,0.0
0.0,0.0,0.0,0.0
0.0,0.0,0.0,0.0
0.0,0.0,0.0,0.0
1.0,1.0,1.0,1.0
0.0,0.0,0.0,0.0
0.0,0.0,0.0,0.0
0.0,0.0,0.0,0.0
1.0,1.0,1.0,1.0
0.0,1.0,0.0,0.0
1.0,1.0,0.0,0.0
0.0,0.0,0.0,0.0
0.0,0.0,0.0,0.0
0.0,0.0,0.0,0.0
0.0,0.0,0.0,0.0
0.0,0.0,1.0,0.0
0.0,0.0,0.0,0.0
0.0,1.0,1.0,1.0
0.0,0.0,0.0,0.0
1.0,1.0,1.0,1.0
0.0,0.0,0.0,0.0
1.0,1.0,1.0,1.0
0.0,0.0,1.0,1.0
0.0,0.0,0.0,0.0
0.0,0.0,0.0,0.0
0.0,0.0,1.0,1.0
0.0,0.0,0.0,0.0
1.0,1.0,1.0,1.0
0.0,0.0,0.0,0.0
0.0,0.0,0.0,0.0
0.0,0.0,0.0,0.0
0.0,0.0,0.0,0.0
0.0,0.0,0.0,0.0
0.0,0.0,0.0,0.0
0.0,0.0,0.0,0.0
0.0,0.0,0.0,0.0
0.0,1.0,0.0,0.0
0.0,0.0,0.0,0.0
0.0,0.0,0.0,0.0
0.0,0.0,1.0,0.0
1.0,1.0,1.0,1.0
0.0,0.0,0.0,0.0
1.0,1.0,1.0,1.0
0.0,0.0,0.0,0.0
0.0,0.0,0.0,0.0
0.0,0.0,0.0,0.0
0.0,0.0,0.0,0.0
0.0,0.0,0.0,0.0
0.0,0.0,0.0,0.0
0.0,0.0,0.0,0.0
0.0,0.0,0.0,0.0
0.0,0.0,0.0,0.0
0.0,0.0,0.0,0.0
1.0,1.0,1.0,1.0
0.0,0.0,1.0,1.0
0.0,0.0,0.0,0.0
1.0,1.0,1.0,1.0
0.0,0.0,1.0,1.0
0.0,0.0,0.0,0.0
0.0,0.0,0.0,0.0
0.0,0.0,0.0,0.0
0.0,0.0,0.0,0.0
0.0,0.0,0.0,0.0
0.0,0.0,0.0,0.0
1.0,1.0,0.0,0.0
0.0,0.0,0.0,0.0
0.0,0.0,0.0,0.0
0.0,0.0,0.0,0.0
0.0,0.0,0.0,0.0
1.0,1.0,0.0,0.0
0.0,0.0,0.0,0.0
0.0,0.0,0.0,0.0
0.0,0.0,0.0,0.0
0.0,0.0,0.0,0.0
0.0,0.0,0.0,0.0
0.0,0.0,0.0,0.0
0.0,0.0,0.0,0.0
0.0,1.0,0.0,1.0
1.0,1.0,1.0,1.0
0.0,0.0,1.0,0.0
0.0,0.0,0.0,0.0
1.0,1.0,0.0,0.0
0.0,0.0,0.0,0.0
0.0,0.0,0.0,0.0
0.0,0.0,0.0,0.0
0.0,0.0,0.0,0.0
1.0,1.0,0.0,0.0
0.0,0.0,0.0,0.0
0.0,0.0,0.0,0.0
0.0,0.0,1.0,1.0
0.0,0.0,0.0,0.0
0.0,0.0,0.0,0.0
0.0,0.0,0.0,0.0
1.0,1.0,1.0,1.0
0.0,0.0,0.0,0.0
0.0,0.0,0.0,0.0
1.0,1.0,0.0,0.0
0.0,0.0,0.0,0.0
0.0,0.0,0.0,0.0
0.0,0.0,0.0,0.0
0.0,0.0,0.0,0.0
0.0,0.0,0.0,0.0
0.0,0.0,0.0,0.0
0.0,0.0,0.0,0.0
1.0,1.0,1.0,1.0
0.0,0.0,0.0,0.0
0.0,0.0,0.0,0.0
0.0,0.0,0.0,0.0
1.0,1.0,1.0,1.0
1.0,1.0,1.0,1.0
0.0,0.0,0.0,0.0
0.0,1.0,1.0,1.0
0.0,0.0,0.0,0.0
0.0,0.0,0.0,0.0
0.0,0.0,0.0,0.0
1.0,1.0,0.0,0.0
0.0,0.0,0.0,0.0
0.0,0.0,1.0,1.0
0.0,0.0,0.0,0.0
0.0,0.0,0.0,0.0
0.0,0.0,0.0,0.0
0.0,0.0,0.0,0.0
0.0,0.0,0.0,0.0
0.0,0.0,0.0,0.0
0.0,0.0,0.0,0.0
0.0,0.0,0.0,0.0
0.0,0.0,0.0,0.0
1.0,1.0,1.0,1.0
0.0,0.0,0.0,0.0
0.0,0.0,0.0,0.0
0.0,0.0,0.0,0.0
0.0,1.0,1.0,1.0
0.0,0.0,0.0,0.0
0.0,0.0,0.0,0.0
0.0,0.0,0.0,0.0
0.0,0.0,0.0,0.0
0.0,1.0,1.0,1.0
0.0,0.0,0.0,0.0
0.0,0.0,0.0,0.0
1.0,1.0,1.0,1.0
1.0,1.0,1.0,1.0
0.0,0.0,0.0,0.0
0.0,0.0,0.0,0.0
0.0,0.0,0.0,0.0
0.0,0.0,0.0,0.0
1.0,1.0,0.0,0.0
0.0,0.0,0.0,0.0
0.0,1.0,1.0,1.0
0.0,0.0,0.0,0.0
0.0,0.0,0.0,0.0
0.0,0.0,0.0,0.0
0.0,1.0,0.0,0.0
0.0,0.0,0.0,0.0
1.0,1.0,1.0,1.0
0.0,0.0,0.0,0.0
0.0,0.0,0.0,0.0
1.0,1.0,0.0,0.0
0.0,0.0,1.0,1.0
0.0,1.0,1.0,1.0
0.0,0.0,0.0,0.0
0.0,0.0,0.0,0.0
0.0,0.0,1.0,1.0
0.0,0.0,0.0,0.0
0.0,0.0,0.0,0.0
1.0,1.0,1.0,1.0
0.0,0.0,0.0,0.0
0.0,1.0,1.0,1.0
0.0,0.0,0.0,0.0
0.0,1.0,1.0,1.0
0.0,0.0,0.0,0.0
1.0,1.0,0.0,0.0
0.0,0.0,0.0,0.0
0.0,0.0,0.0,0.0
1.0,1.0,1.0,1.0
0.0,0.0,0.0,0.0
0.0,0.0,0.0,0.0
0.0,0.0,1.0,1.0
0.0,0.0,0.0,0.0
0.0,0.0,0.0,0.0
0.0,0.0,0.0,0.0
0.0,0.0,0.0,0.0
0.0,0.0,0.0,0.0
0.0,0.0,0.0,0.0
0.0,0.0,1.0,1.0
0.0,0.0,0.0,0.0
0.0,0.0,1.0,1.0
0.0,0.0,0.0,0.0
1.0,1.0,0.0,0.0
0.0,0.0,0.0,0.0
0.0,0.0,0.0,0.0
0.0,0.0,0.0,0.0
0.0,0.0,0.0,0.0
0.0,0.0,0.0,0.0
0.0,0.0,1.0,1.0
0.0,0.0,0.0,0.0
0.0,0.0,0.0,0.0
0.0,0.0,0.0,0.0
0.0,0.0,0.0,0.0
0.0,0.0,0.0,0.0
1.0,1.0,0.0,0.0
1.0,1.0,0.0,0.0
0.0,0.0,0.0,0.0
0.0,0.0,0.0,0.0
0.0,0.0,0.0,0.0
0.0,1.0,1.0,1.0
0.0,0.0,1.0,1.0
0.0,0.0,0.0,0.0
0.0,0.0,0.0,0.0
0.0,0.0,0.0,0.0
0.0,0.0,0.0,0.0
0.0,0.0,0.0,0.0
0.0,1.0,0.0,0.0
0.0,0.0,1.0,1.0
0.0,0.0,0.0,0.0
0.0,0.0,0.0,0.0
0.0,0.0,0.0,0.0
0.0,0.0,0.0,0.0
1.0,1.0,0.0,0.0
0.0,0.0,0.0,0.0
0.0,0.0,0.0,0.0
0.0,0.0,0.0,0.0
0.0,0.0,0.0,0.0
1.0,1.0,1.0,1.0
0.0,0.0,0.0,0.0
0.0,0.0,0.0,0.0
0.0,0.0,0.0,0.0
0.0,0.0,0.0,0.0
0.0,0.0,0.0,0.0
0.0,0.0,0.0,0.0
0.0,0.0,0.0,0.0
0.0,0.0,0.0,0.0
0.0,0.0,0.0,0.0
0.0,0.0,0.0,0.0
0.0,0.0,0.0,0.0
0.0,0.0,0.0,0.0
0.0,0.0,0.0,0.0
1.0,1.0,1.0,1.0
0.0,0.0,0.0,0.0
0.0,0.0,0.0,0.0
0.0,0.0,0.0,0.0
1.0,1.0,0.0,0.0
1.0,1.0,0.0,0.0
1.0,1.0,1.0,1.0
0.0,0.0,0.0,0.0
0.0,0.0,1.0,0.0
0.0,0.0,0.0,0.0
0.0,0.0,1.0,1.0
0.0,0.0,0.0,0.0
0.0,0.0,0.0,0.0
0.0,0.0,0.0,0.0
1.0,1.0,1.0,1.0
0.0,0.0,0.0,0.0
0.0,0.0,0.0,0.0
0.0,0.0,0.0,0.0
0.0,0.0,0.0,0.0
1.0,1.0,1.0,1.0
0.0,0.0,0.0,0.0
1.0,1.0,1.0,1.0
0.0,0.0,0.0,0.0
0.0,0.0,0.0,0.0
0.0,0.0,0.0,0.0
0.0,0.0,0.0,0.0
0.0,0.0,1.0,1.0
0.0,0.0,0.0,0.0
0.0,0.0,0.0,0.0
0.0,0.0,0.0,0.0
0.0,0.0,1.0,1.0
0.0,0.0,0.0,0.0
0.0,0.0,0.0,0.0
1.0,1.0,1.0,1.0
0.0,0.0,0.0,0.0
0.0,0.0,0.0,0.0
0.0,0.0,0.0,0.0
1.0,1.0,0.0,0.0
0.0,0.0,0.0,0.0
0.0,0.0,0.0,0.0
0.0,0.0,1.0,1.0
0.0,0.0,0.0,0.0
0.0,0.0,0.0,0.0
0.0,0.0,0.0,0.0
0.0,0.0,0.0,0.0
0.0,0.0,0.0,0.0
0.0,0.0,0.0,0.0
1.0,1.0,1.0,1.0
0.0,0.0,0.0,0.0
0.0,0.0,1.0,1.0
0.0,0.0,0.0,0.0
0.0,0.0,1.0,1.0
0.0,0.0,1.0,1.0
0.0,0.0,0.0,0.0
0.0,0.0,0.0,0.0
0.0,0.0,0.0,0.0
0.0,0.0,0.0,0.0
0.0,0.0,0.0,0.0
0.0,0.0,1.0,1.0
0.0,0.0,0.0,0.0
0.0,0.0,0.0,0.0
0.0,0.0,0.0,0.0
0.0,0.0,0.0,0.0
0.0,0.0,0.0,0.0
1.0,1.0,1.0,1.0
0.0,0.0,0.0,0.0
0.0,0.0,0.0,0.0
0.0,0.0,0.0,0.0
0.0,0.0,0.0,0.0
0.0,1.0,1.0,0.0
0.0,0.0,0.0,0.0
0.0,0.0,0.0,0.0
0.0,1.0,0.0,0.0
0.0,0.0,0.0,0.0
1.0,1.0,1.0,1.0
0.0,0.0,0.0,0.0
0.0,0.0,0.0,0.0
1.0,1.0,0.0,0.0
0.0,0.0,0.0,0.0
1.0,1.0,1.0,1.0
0.0,0.0,0.0,0.0
0.0,0.0,0.0,0.0
1.0,1.0,1.0,1.0
0.0,0.0,0.0,0.0
0.0,0.0,0.0,0.0
1.0,1.0,1.0,1.0
0.0,0.0,0.0,0.0
0.0,0.0,0.0,0.0
0.0,0.0,0.0,0.0
0.0,0.0,0.0,0.0
0.0,0.0,0.0,0.0
0.0,0.0,0.0,0.0
0.0,0.0,0.0,0.0
0.0,0.0,0.0,0.0
0.0,1.0,1.0,1.0
1.0,1.0,1.0,1.0
0.0,0.0,0.0,0.0
0.0,0.0,0.0,0.0
1.0,1.0,0.0,0.0
0.0,0.0,0.0,0.0
0.0,0.0,0.0,0.0
0.0,0.0,0.0,0.0
0.0,0.0,0.0,0.0
0.0,1.0,0.0,0.0
0.0,0.0,0.0,0.0
0.0,0.0,1.0,1.0
0.0,0.0,0.0,0.0
0.0,0.0,0.0,0.0
0.0,0.0,0.0,0.0
1.0,1.0,0.0,0.0
0.0,0.0,0.0,0.0
1.0,1.0,1.0,1.0
0.0,0.0,0.0,0.0
0.0,0.0,0.0,0.0
0.0,0.0,0.0,0.0
0.0,0.0,0.0,0.0
0.0,1.0,0.0,0.0
0.0,0.0,0.0,0.0
0.0,0.0,0.0,0.0
0.0,0.0,0.0,0.0
0.0,0.0,0.0,0.0
0.0,0.0,0.0,0.0
0.0,0.0,0.0,0.0
0.0,1.0,1.0,1.0
0.0,0.0,0.0,0.0
0.0,0.0,0.0,0.0
0.0,0.0,0.0,0.0
0.0,0.0,1.0,1.0
0.0,0.0,0.0,0.0
0.0,0.0,0.0,0.0
0.0,0.0,0.0,0.0
0.0,0.0,0.0,0.0
0.0,0.0,0.0,0.0
0.0,0.0,0.0,0.0
0.0,0.0,0.0,0.0
1.0,1.0,0.0,0.0
1.0,1.0,1.0,1.0
0.0,0.0,0.0,0.0
0.0,0.0,0.0,0.0
0.0,0.0,0.0,0.0
0.0,0.0,0.0,0.0
0.0,1.0,1.0,1.0
1.0,1.0,1.0,1.0
1.0,1.0,0.0,0.0
0.0,0.0,0.0,0.0
0.0,0.0,0.0,0.0
0.0,0.0,0.0,0.0
0.0,0.0,0.0,0.0
0.0,0.0,0.0,0.0
0.0,0.0,0.0,0.0
0.0,0.0,0.0,0.0
0.0,0.0,0.0,0.0
1.0,1.0,1.0,1.0
1.0,1.0,1.0,1.0
0.0,0.0,0.0,0.0
0.0,0.0,0.0,0.0
0.0,0.0,0.0,0.0
0.0,0.0,0.0,0.0
0.0,0.0,0.0,0.0
1.0,1.0,1.0,1.0
0.0,1.0,1.0,1.0
0.0,0.0,0.0,0.0
0.0,0.0,0.0,0.0
0.0,0.0,0.0,0.0
1.0,1.0,1.0,1.0
1.0,1.0,0.0,0.0
0.0,0.0,0.0,0.0
0.0,0.0,0.0,0.0
0.0,0.0,0.0,0.0
1.0,1.0,1.0,1.0
0.0,0.0,1.0,1.0
0.0,0.0,0.0,0.0
0.0,0.0,1.0,0.0
0.0,0.0,0.0,0.0
0.0,0.0,1.0,1.0
1.0,1.0,1.0,1.0
0.0,0.0,0.0,0.0
0.0,0.0,1.0,1.0
0.0,0.0,0.0,0.0
0.0,0.0,0.0,0.0
0.0,0.0,0.0,0.0
0.0,0.0,1.0,0.0
0.0,0.0,0.0,0.0
0.0,0.0,0.0,0.0
0.0,0.0,0.0,0.0
0.0,0.0,0.0,0.0
0.0,0.0,0.0,0.0
1.0,1.0,1.0,1.0
0.0,0.0,0.0,0.0
1.0,1.0,1.0,1.0
0.0,0.0,0.0,0.0
0.0,0.0,0.0,0.0
1.0,1.0,1.0,1.0
0.0,1.0,0.0,0.0
0.0,0.0,0.0,0.0
1.0,1.0,1.0,1.0
0.0,0.0,0.0,0.0
0.0,0.0,0.0,0.0
0.0,0.0,0.0,0.0
0.0,0.0,0.0,0.0
0.0,0.0,0.0,0.0
0.0,0.0,0.0,0.0
0.0,0.0,0.0,0.0
0.0,0.0,0.0,0.0
0.0,0.0,0.0,0.0
0.0,0.0,0.0,0.0
0.0,1.0,1.0,1.0
1.0,1.0,1.0,1.0
1.0,1.0,1.0,1.0
1.0,1.0,1.0,1.0
0.0,0.0,0.0,0.0
0.0,0.0,0.0,0.0
0.0,0.0,0.0,0.0
0.0,0.0,0.0,0.0
1.0,1.0,1.0,1.0
0.0,0.0,0.0,0.0
0.0,0.0,0.0,0.0
0.0,0.0,0.0,0.0
0.0,0.0,1.0,1.0
0.0,0.0,0.0,0.0
1.0,1.0,1.0,1.0
0.0,0.0,1.0,1.0
0.0,0.0,0.0,0.0
0.0,0.0,0.0,0.0
0.0,0.0,0.0,0.0
0.0,0.0,0.0,0.0
0.0,0.0,0.0,0.0
1.0,1.0,1.0,1.0
0.0,0.0,0.0,0.0
0.0,0.0,0.0,0.0
1.0,1.0,1.0,1.0
0.0,0.0,0.0,0.0
0.0,1.0,1.0,1.0
0.0,0.0,0.0,0.0
1.0,1.0,1.0,1.0
0.0,0.0,0.0,0.0
0.0,0.0,0.0,0.0
0.0,0.0,1.0,1.0
1.0,1.0,1.0,1.0
0.0,0.0,0.0,0.0
0.0,0.0,1.0,1.0
1.0,1.0,0.0,0.0
0.0,0.0,1.0,1.0
0.0,0.0,0.0,0.0
0.0,0.0,0.0,0.0
0.0,0.0,0.0,0.0
0.0,0.0,0.0,0.0
0.0,0.0,0.0,0.0
0.0,0.0,0.0,0.0
0.0,0.0,0.0,0.0
0.0,0.0,0.0,0.0
0.0,0.0,0.0,0.0
0.0,0.0,0.0,0.0
1.0,1.0,1.0,1.0
0.0,1.0,0.0,0.0
1.0,1.0,1.0,1.0
0.0,0.0,0.0,0.0
0.0,0.0,0.0,0.0
0.0,0.0,0.0,0.0
0.0,1.0,0.0,0.0
1.0,1.0,1.0,1.0
1.0,1.0,1.0,1.0
0.0,0.0,0.0,0.0
0.0,0.0,1.0,1.0
0.0,0.0,0.0,0.0
0.0,0.0,0.0,0.0
0.0,0.0,0.0,0.0
0.0,0.0,0.0,0.0
0.0,0.0,0.0,0.0
0.0,0.0,0.0,0.0
0.0,0.0,0.0,0.0
0.0,0.0,0.0,0.0
0.0,0.0,0.0,0.0
1.0,1.0,0.0,0.0
0.0,0.0,0.0,0.0
0.0,0.0,1.0,1.0
0.0,0.0,0.0,0.0
0.0,0.0,0.0,0.0
0.0,0.0,0.0,0.0
0.0,0.0,0.0,0.0
0.0,0.0,0.0,0.0
1.0,1.0,0.0,0.0
1.0,1.0,1.0,1.0
0.0,0.0,0.0,0.0
0.0,1.0,1.0,1.0
0.0,0.0,0.0,0.0
0.0,0.0,0.0,0.0
0.0,0.0,1.0,1.0
0.0,0.0,0.0,0.0
0.0,1.0,0.0,0.0
0.0,0.0,0.0,0.0
1.0,1.0,1.0,1.0
0.0,0.0,1.0,1.0
0.0,0.0,1.0,1.0
0.0,0.0,0.0,0.0
0.0,0.0,0.0,0.0
0.0,0.0,0.0,0.0
0.0,0.0,0.0,0.0
0.0,0.0,0.0,0.0
0.0,0.0,0.0,0.0
0.0,0.0,0.0,0.0
0.0,1.0,1.0,1.0
0.0,0.0,0.0,0.0
0.0,0.0,0.0,0.0
1.0,1.0,1.0,1.0
0.0,0.0,0.0,0.0
0.0,0.0,0.0,0.0
0.0,0.0,0.0,0.0
0.0,1.0,1.0,0.0
0.0,0.0,0.0,0.0
0.0,0.0,1.0,0.0
0.0,0.0,0.0,0.0
0.0,1.0,0.0,0.0
1.0,1.0,1.0,1.0
0.0,1.0,1.0,1.0
0.0,0.0,0.0,0.0
0.0,0.0,0.0,0.0
0.0,1.0,1.0,1.0
0.0,0.0,0.0,0.0
0.0,0.0,0.0,0.0
0.0,0.0,1.0,1.0
0.0,0.0,0.0,0.0
0.0,0.0,0.0,0.0
0.0,1.0,0.0,0.0
0.0,0.0,0.0,0.0
0.0,0.0,0.0,0.0
0.0,0.0,0.0,0.0
1.0,1.0,1.0,1.0
0.0,0.0,0.0,0.0
0.0,0.0,0.0,0.0
0.0,0.0,0.0,0.0
1.0,1.0,1.0,1.0
0.0,0.0,0.0,0.0
0.0,0.0,0.0,0.0
0.0,0.0,1.0,1.0
1.0,1.0,1.0,1.0
0.0,0.0,0.0,0.0
0.0,0.0,0.0,0.0
0.0,0.0,0.0,0.0
0.0,0.0,0.0,0.0
0.0,0.0,0.0,0.0
1.0,1.0,1.0,1.0
0.0,0.0,1.0,1.0
0.0,0.0,0.0,0.0
0.0,0.0,0.0,0.0
0.0,0.0,0.0,0.0
0.0,0.0,0.0,0.0
0.0,0.0,0.0,0.0
0.0,0.0,0.0,0.0
0.0,0.0,1.0,1.0
0.0,0.0,0.0,0.0
0.0,0.0,0.0,0.0
0.0,0.0,0.0,0.0
1.0,1.0,1.0,1.0
0.0,0.0,0.0,0.0
1.0,1.0,0.0,0.0
0.0,0.0,1.0,1.0
0.0,0.0,0.0,0.0
0.0,0.0,0.0,0.0
1.0,1.0,1.0,1.0
0.0,1.0,1.0,1.0
1.0,1.0,1.0,1.0
0.0,0.0,0.0,0.0
0.0,0.0,0.0,0.0
0.0,0.0,0.0,0.0
0.0,0.0,0.0,0.0
0.0,1.0,1.0,1.0
0.0,0.0,1.0,1.0
0.0,0.0,0.0,0.0
0.0,0.0,0.0,0.0
0.0,0.0,1.0,1.0
1.0,1.0,1.0,1.0
0.0,0.0,0.0,0.0
0.0,0.0,1.0,1.0
1.0,1.0,0.0,0.0
0.0,0.0,0.0,0.0
0.0,0.0,0.0,0.0
0.0,1.0,0.0,0.0
0.0,0.0,0.0,0.0
0.0,0.0,0.0,0.0
0.0,0.0,0.0,0.0
0.0,0.0,0.0,0.0
0.0,0.0,0.0,0.0
0.0,0.0,0.0,0.0
0.0,0.0,0.0,0.0
0.0,0.0,0.0,0.0
0.0,0.0,1.0,1.0
0.0,0.0,0.0,0.0
0.0,0.0,0.0,0.0
0.0,0.0,0.0,0.0
0.0,0.0,0.0,0.0
0.0,0.0,1.0,1.0
0.0,0.0,0.0,0.0
1.0,1.0,1.0,1.0
0.0,0.0,0.0,0.0
0.0,0.0,0.0,0.0
0.0,0.0,0.0,0.0
0.0,1.0,0.0,0.0
0.0,0.0,0.0,0.0
1.0,1.0,1.0,1.0
0.0,0.0,0.0,0.0
0.0,0.0,0.0,0.0
0.0,0.0,0.0,0.0
0.0,0.0,0.0,0.0
0.0,0.0,0.0,0.0
1.0,1.0,1.0,1.0
0.0,0.0,0.0,0.0
1.0,1.0,1.0,1.0
0.0,1.0,0.0,0.0
0.0,0.0,0.0,0.0
0.0,1.0,0.0,0.0
0.0,0.0,0.0,0.0
1.0,1.0,0.0,0.0
0.0,0.0,0.0,0.0
0.0,0.0,0.0,0.0
0.0,0.0,0.0,0.0
0.0,0.0,0.0,0.0
0.0,0.0,0.0,0.0
0.0,0.0,1.0,1.0
1.0,1.0,0.0,0.0
0.0,0.0,0.0,0.0
0.0,0.0,0.0,0.0
0.0,0.0,0.0,0.0
1.0,1.0,0.0,0.0
0.0,0.0,0.0,0.0
0.0,0.0,0.0,0.0
0.0,1.0,0.0,1.0
0.0,0.0,0.0,0.0
0.0,0.0,0.0,0.0
0.0,0.0,0.0,0.0
0.0,0.0,0.0,0.0
1.0,1.0,1.0,1.0
0.0,0.0,0.0,0.0
0.0,0.0,0.0,0.0
0.0,0.0,0.0,0.0
0.0,0.0,0.0,0.0
0.0,0.0,0.0,0.0
0.0,1.0,1.0,1.0
0.0,0.0,0.0,0.0
0.0,0.0,0.0,0.0
1.0,1.0,1.0,1.0
0.0,0.0,0.0,0.0
0.0,0.0,1.0,1.0
0.0,0.0,0.0,0.0
0.0,0.0,0.0,0.0
0.0,0.0,0.0,0.0
0.0,0.0,0.0,0.0
0.0,0.0,0.0,0.0
1.0,1.0,0.0,0.0
0.0,0.0,1.0,1.0
1.0,1.0,1.0,1.0
0.0,0.0,0.0,0.0
0.0,0.0,0.0,0.0
0.0,0.0,0.0,0.0
0.0,0.0,0.0,0.0
1.0,1.0,1.0,1.0
0.0,0.0,0.0,0.0
0.0,0.0,0.0,0.0
1.0,1.0,0.0,0.0
0.0,0.0,1.0,1.0
0.0,0.0,0.0,0.0
0.0,0.0,0.0,0.0
0.0,0.0,0.0,0.0
1.0,1.0,1.0,1.0
0.0,0.0,0.0,0.0
0.0,0.0,0.0,0.0
0.0,0.0,1.0,1.0
0.0,0.0,0.0,0.0
1.0,1.0,1.0,1.0
1.0,1.0,1.0,1.0
0.0,0.0,0.0,0.0
0.0,0.0,0.0,0.0
0.0,0.0,0.0,0.0
0.0,0.0,0.0,0.0
0.0,1.0,0.0,0.0
0.0,0.0,0.0,0.0
1.0,1.0,0.0,0.0
1.0,1.0,0.0,0.0
0.0,1.0,0.0,0.0
0.0,0.0,0.0,0.0
0.0,0.0,0.0,0.0
0.0,0.0,0.0,0.0
1.0,1.0,1.0,1.0
0.0,0.0,1.0,1.0
0.0,0.0,0.0,0.0
0.0,0.0,0.0,0.0
0.0,0.0,0.0,0.0
0.0,0.0,0.0,0.0
0.0,0.0,0.0,0.0
0.0,0.0,1.0,1.0
0.0,0.0,0.0,0.0
0.0,0.0,0.0,0.0
0.0,0.0,0.0,0.0
0.0,0.0,0.0,0.0
0.0,0.0,0.0,0.0
1.0,1.0,1.0,1.0
0.0,0.0,0.0,0.0
0.0,0.0,0.0,0.0
0.0,0.0,0.0,0.0
0.0,1.0,1.0,1.0
0.0,0.0,0.0,0.0
1.0,1.0,1.0,1.0
0.0,0.0,1.0,1.0
0.0,0.0,0.0,0.0
1.0,1.0,0.0,0.0
0.0,0.0,0.0,0.0
0.0,0.0,0.0,0.0
0.0,0.0,0.0,0.0
0.0,0.0,0.0,0.0
0.0,0.0,0.0,0.0
1.0,1.0,0.0,0.0
0.0,0.0,0.0,0.0
0.0,0.0,0.0,0.0
0.0,0.0,0.0,0.0
0.0,0.0,0.0,0.0
0.0,0.0,0.0,0.0
0.0,0.0,0.0,0.0
1.0,1.0,0.0,0.0
0.0,0.0,0.0,0.0
0.0,0.0,0.0,0.0
1.0,1.0,0.0,0.0
0.0,0.0,0.0,0.0
0.0,0.0,0.0,0.0
0.0,0.0,0.0,0.0
0.0,0.0,0.0,0.0
0.0,0.0,0.0,0.0
1.0,1.0,0.0,0.0
1.0,1.0,1.0,1.0
0.0,0.0,0.0,0.0
0.0,1.0,0.0,0.0
0.0,0.0,0.0,0.0
0.0,0.0,0.0,0.0
0.0,0.0,0.0,0.0
1.0,1.0,1.0,1.0
0.0,0.0,0.0,0.0
0.0,0.0,0.0,0.0
1.0,1.0,1.0,1.0
0.0,0.0,0.0,0.0
0.0,0.0,0.0,0.0
0.0,0.0,0.0,0.0
0.0,0.0,0.0,0.0
0.0,0.0,0.0,0.0
0.0,0.0,0.0,0.0
1.0,1.0,1.0,1.0
0.0,1.0,1.0,1.0
0.0,0.0,1.0,1.0
1.0,1.0,0.0,0.0
0.0,1.0,1.0,1.0
0.0,0.0,0.0,0.0
0.0,0.0,0.0,0.0
0.0,0.0,1.0,1.0
0.0,0.0,0.0,0.0
0.0,0.0,0.0,0.0
0.0,0.0,0.0,0.0
0.0,0.0,0.0,0.0
0.0,0.0,0.0,0.0
0.0,1.0,1.0,1.0
0.0,0.0,0.0,0.0
0.0,0.0,0.0,0.0
0.0,0.0,0.0,0.0
0.0,0.0,0.0,0.0
0.0,0.0,0.0,0.0
0.0,0.0,0.0,0.0
0.0,0.0,0.0,0.0
0.0,0.0,0.0,0.0
0.0,0.0,0.0,0.0
1.0,1.0,0.0,0.0
1.0,1.0,1.0,1.0
0.0,0.0,0.0,0.0
1.0,1.0,1.0,1.0
0.0,0.0,0.0,0.0
0.0,0.0,0.0,0.0
1.0,1.0,1.0,1.0
0.0,0.0,0.0,0.0
0.0,0.0,0.0,0.0
1.0,1.0,1.0,1.0
0.0,0.0,0.0,0.0
1.0,1.0,1.0,1.0
1.0,1.0,0.0,0.0
1.0,1.0,1.0,1.0
0.0,0.0,0.0,0.0
0.0,0.0,0.0,0.0
0.0,1.0,1.0,1.0
0.0,0.0,0.0,0.0
0.0,0.0,0.0,0.0
0.0,0.0,0.0,0.0
0.0,0.0,0.0,0.0
1.0,1.0,0.0,0.0
0.0,0.0,0.0,0.0
0.0,0.0,0.0,0.0
0.0,0.0,1.0,1.0
0.0,0.0,0.0,0.0
0.0,0.0,0.0,0.0
0.0,0.0,0.0,0.0
0.0,0.0,0.0,0.0
0.0,1.0,1.0,1.0
0.0,0.0,0.0,0.0
0.0,0.0,0.0,0.0
0.0,0.0,0.0,0.0
0.0,0.0,0.0,0.0
1.0,1.0,0.0,0.0
0.0,0.0,0.0,0.0
0.0,0.0,0.0,0.0
0.0,0.0,0.0,0.0
0.0,0.0,0.0,0.0
0.0,0.0,0.0,0.0
1.0,1.0,1.0,1.0
0.0,0.0,0.0,0.0
0.0,0.0,0.0,0.0
1.0,1.0,0.0,0.0
0.0,0.0,0.0,0.0
0.0,0.0,1.0,0.0
1.0,1.0,1.0,1.0
0.0,0.0,0.0,0.0
0.0,0.0,0.0,0.0
0.0,1.0,1.0,1.0
0.0,0.0,0.0,0.0
0.0,0.0,0.0,0.0
0.0,0.0,0.0,0.0
0.0,0.0,1.0,1.0
0.0,0.0,1.0,1.0
0.0,0.0,0.0,0.0
0.0,0.0,0.0,0.0
0.0,0.0,0.0,0.0
0.0,0.0,0.0,0.0
1.0,1.0,0.0,1.0
1.0,0.0,1.0,1.0
0.0,0.0,0.0,0.0
0.0,0.0,0.0,0.0
0.0,1.0,1.0,1.0
0.0,0.0,0.0,0.0
0.0,0.0,0.0,0.0
1.0,1.0,1.0,1.0
0.0,0.0,1.0,1.0
0.0,0.0,0.0,0.0
0.0,1.0,1.0,1.0
0.0,0.0,0.0,0.0
0.0,0.0,0.0,0.0
0.0,1.0,1.0,1.0
0.0,0.0,0.0,0.0
0.0,1.0,1.0,1.0
0.0,0.0,0.0,0.0
0.0,0.0,0.0,0.0
0.0,1.0,1.0,1.0
0.0,0.0,0.0,0.0
0.0,0.0,0.0,0.0
0.0,0.0,0.0,0.0
0.0,1.0,1.0,1.0
0.0,0.0,0.0,0.0
0.0,0.0,0.0,0.0
1.0,1.0,1.0,1.0
1.0,1.0,1.0,1.0
0.0,0.0,0.0,0.0
0.0,0.0,0.0,0.0
0.0,0.0,0.0,0.0
0.0,0.0,1.0,1.0
1.0,1.0,1.0,1.0
0.0,1.0,1.0,1.0
0.0,0.0,0.0,0.0
0.0,0.0,1.0,1.0
0.0,0.0,0.0,0.0
1.0,1.0,0.0,0.0
1.0,1.0,0.0,0.0
0.0,0.0,0.0,0.0
0.0,0.0,1.0,1.0
0.0,0.0,0.0,0.0
0.0,0.0,0.0,0.0
0.0,0.0,0.0,0.0
0.0,0.0,0.0,0.0
0.0,0.0,0.0,0.0
0.0,1.0,1.0,1.0
0.0,0.0,0.0,0.0
0.0,0.0,0.0,0.0
0.0,0.0,0.0,0.0
0.0,0.0,0.0,0.0
0.0,0.0,0.0,0.0
1.0,1.0,0.0,0.0
0.0,0.0,0.0,0.0
0.0,0.0,0.0,0.0
0.0,0.0,0.0,0.0
0.0,0.0,0.0,0.0
0.0,0.0,0.0,0.0
0.0,0.0,0.0,0.0
0.0,1.0,1.0,1.0
0.0,0.0,0.0,0.0
0.0,0.0,0.0,0.0
0.0,0.0,1.0,1.0
0.0,0.0,0.0,0.0
0.0,0.0,0.0,0.0
0.0,0.0,0.0,0.0
0.0,0.0,0.0,0.0
0.0,0.0,0.0,0.0
0.0,1.0,0.0,0.0
0.0,0.0,0.0,0.0
0.0,1.0,1.0,1.0
0.0,0.0,0.0,0.0
0.0,0.0,0.0,0.0
0.0,0.0,0.0,0.0
0.0,0.0,0.0,0.0
1.0,1.0,1.0,1.0
0.0,1.0,1.0,1.0
0.0,0.0,0.0,0.0
0.0,0.0,0.0,0.0
0.0,1.0,0.0,0.0
0.0,0.0,0.0,0.0
0.0,0.0,0.0,0.0
1.0,1.0,1.0,1.0
0.0,0.0,0.0,0.0
0.0,0.0,0.0,0.0
1.0,1.0,1.0,1.0
0.0,0.0,0.0,0.0
0.0,0.0,0.0,0.0
1.0,1.0,1.0,1.0
1.0,1.0,0.0,0.0
0.0,0.0,0.0,0.0
0.0,0.0,0.0,0.0
0.0,0.0,0.0,0.0
1.0,1.0,0.0,0.0
0.0,0.0,0.0,0.0
0.0,0.0,0.0,0.0
0.0,0.0,0.0,0.0
0.0,0.0,0.0,0.0
1.0,1.0,1.0,1.0
1.0,1.0,0.0,1.0
0.0,0.0,0.0,0.0
0.0,0.0,0.0,0.0
0.0,0.0,0.0,0.0
0.0,0.0,0.0,0.0
0.0,0.0,0.0,0.0
0.0,0.0,0.0,0.0
0.0,0.0,0.0,0.0
0.0,1.0,0.0,0.0
0.0,0.0,0.0,0.0
0.0,0.0,0.0,0.0
0.0,0.0,0.0,0.0
0.0,0.0,0.0,0.0
0.0,0.0,0.0,0.0
0.0,0.0,0.0,0.0
1.0,1.0,1.0,1.0
0.0,0.0,0.0,0.0
0.0,0.0,0.0,0.0
1.0,1.0,1.0,1.0
0.0,0.0,0.0,0.0
1.0,1.0,0.0,0.0
0.0,0.0,0.0,0.0
0.0,0.0,0.0,0.0
1.0,1.0,0.0,0.0
0.0,0.0,0.0,0.0
0.0,0.0,0.0,0.0
1.0,1.0,1.0,1.0
0.0,0.0,0.0,0.0
0.0,0.0,0.0,0.0
0.0,0.0,0.0,0.0
0.0,0.0,0.0,0.0
1.0,1.0,1.0,1.0
0.0,0.0,0.0,0.0
0.0,0.0,0.0,0.0
0.0,0.0,0.0,0.0
0.0,0.0,0.0,0.0
0.0,0.0,0.0,0.0
0.0,1.0,0.0,0.0
0.0,1.0,0.0,0.0
0.0,0.0,1.0,1.0
0.0,0.0,0.0,0.0
0.0,0.0,0.0,0.0
0.0,0.0,0.0,0.0
0.0,0.0,0.0,0.0
0.0,0.0,1.0,1.0
0.0,0.0,0.0,0.0
0.0,0.0,1.0,1.0
0.0,0.0,0.0,0.0
1.0,1.0,1.0,1.0
0.0,0.0,0.0,0.0
1.0,1.0,1.0,1.0
0.0,0.0,1.0,1.0
1.0,1.0,1.0,1.0
0.0,0.0,0.0,0.0
0.0,0.0,0.0,0.0
0.0,0.0,0.0,0.0
0.0,0.0,0.0,0.0
0.0,0.0,0.0,0.0
0.0,0.0,0.0,0.0
0.0,0.0,0.0,0.0
0.0,1.0,0.0,0.0
0.0,0.0,0.0,0.0
0.0,0.0,0.0,0.0
0.0,0.0,0.0,0.0
0.0,0.0,1.0,1.0
0.0,0.0,0.0,0.0
0.0,0.0,0.0,0.0
0.0,0.0,0.0,0.0
0.0,1.0,1.0,1.0
0.0,0.0,0.0,0.0
0.0,0.0,0.0,0.0
0.0,0.0,0.0,0.0
0.0,0.0,0.0,0.0
0.0,1.0,1.0,1.0
0.0,0.0,0.0,0.0
0.0,0.0,0.0,0.0
1.0,1.0,0.0,0.0
0.0,0.0,0.0,0.0
1.0,1.0,0.0,0.0
0.0,0.0,0.0,0.0
0.0,0.0,0.0,0.0
0.0,0.0,0.0,0.0
0.0,0.0,0.0,0.0
0.0,0.0,0.0,0.0
1.0,1.0,0.0,0.0
0.0,0.0,0.0,0.0
1.0,1.0,0.0,0.0
0.0,0.0,0.0,0.0
0.0,0.0,0.0,0.0
0.0,0.0,0.0,0.0
0.0,0.0,0.0,0.0
1.0,1.0,1.0,1.0
0.0,0.0,0.0,0.0
0.0,1.0,0.0,0.0
0.0,0.0,0.0,0.0
1.0,1.0,1.0,1.0
0.0,0.0,0.0,0.0
0.0,0.0,0.0,0.0
1.0,1.0,0.0,0.0
0.0,0.0,0.0,0.0
1.0,1.0,1.0,1.0
0.0,0.0,0.0,0.0
1.0,1.0,0.0,0.0
0.0,0.0,0.0,0.0
0.0,0.0,0.0,0.0
0.0,0.0,0.0,0.0
0.0,0.0,0.0,0.0
0.0,0.0,0.0,0.0
0.0,0.0,0.0,0.0
0.0,0.0,0.0,0.0
1.0,1.0,1.0,1.0
0.0,0.0,0.0,0.0
0.0,0.0,0.0,0.0
0.0,0.0,0.0,0.0
0.0,0.0,0.0,0.0
1.0,1.0,1.0,1.0
0.0,0.0,0.0,0.0
0.0,0.0,0.0,0.0
0.0,0.0,0.0,0.0
0.0,0.0,0.0,0.0
1.0,1.0,1.0,1.0
0.0,0.0,0.0,0.0
0.0,0.0,1.0,1.0
0.0,0.0,0.0,0.0
0.0,0.0,0.0,0.0
0.0,0.0,0.0,0.0
0.0,0.0,0.0,0.0
0.0,0.0,0.0,0.0
0.0,0.0,1.0,1.0
0.0,0.0,0.0,0.0
0.0,0.0,0.0,0.0
0.0,0.0,0.0,0.0
0.0,0.0,1.0,1.0
0.0,0.0,0.0,0.0
0.0,0.0,0.0,0.0
0.0,0.0,1.0,1.0
0.0,0.0,0.0,0.0
0.0,0.0,0.0,0.0
0.0,0.0,0.0,0.0
0.0,0.0,0.0,0.0
0.0,1.0,1.0,1.0
0.0,0.0,0.0,0.0
0.0,1.0,1.0,1.0
0.0,0.0,0.0,0.0
1.0,1.0,0.0,0.0
1.0,1.0,0.0,0.0
0.0,0.0,0.0,0.0
0.0,0.0,0.0,0.0
0.0,0.0,0.0,0.0
0.0,0.0,0.0,0.0
1.0,1.0,1.0,1.0
0.0,0.0,0.0,0.0
0.0,0.0,0.0,0.0
1.0,1.0,1.0,1.0
1.0,1.0,1.0,1.0
1.0,1.0,1.0,1.0
0.0,0.0,0.0,0.0
0.0,0.0,0.0,0.0
0.0,0.0,0.0,0.0
0.0,0.0,1.0,1.0
1.0,1.0,0.0,0.0
1.0,1.0,1.0,1.0
0.0,1.0,1.0,1.0
0.0,0.0,1.0,1.0
0.0,0.0,0.0,0.0
1.0,1.0,0.0,0.0
0.0,0.0,0.0,0.0
1.0,1.0,0.0,0.0
1.0,1.0,1.0,1.0
0.0,0.0,0.0,0.0
0.0,0.0,0.0,0.0
0.0,0.0,0.0,0.0
1.0,1.0,1.0,1.0
1.0,1.0,1.0,1.0
0.0,0.0,1.0,1.0
0.0,0.0,1.0,1.0
0.0,0.0,0.0,0.0
1.0,1.0,1.0,1.0
0.0,0.0,0.0,0.0
1.0,1.0,1.0,1.0
0.0,0.0,0.0,0.0
0.0,0.0,0.0,0.0
0.0,0.0,0.0,0.0
0.0,0.0,0.0,0.0
0.0,0.0,0.0,0.0
0.0,0.0,0.0,0.0
0.0,0.0,0.0,0.0
1.0,1.0,1.0,1.0
1.0,1.0,0.0,0.0
0.0,0.0,0.0,0.0
0.0,0.0,0.0,0.0
0.0,0.0,0.0,0.0
0.0,1.0,0.0,0.0
1.0,1.0,1.0,1.0
0.0,0.0,0.0,0.0
0.0,0.0,0.0,0.0
0.0,0.0,0.0,0.0
0.0,0.0,0.0,0.0
0.0,1.0,0.0,0.0
1.0,1.0,1.0,1.0
0.0,0.0,0.0,0.0
0.0,0.0,0.0,0.0
1.0,1.0,1.0,1.0
0.0,0.0,0.0,0.0
1.0,1.0,1.0,1.0
0.0,0.0,0.0,0.0
0.0,0.0,0.0,0.0
0.0,0.0,0.0,0.0
0.0,0.0,0.0,0.0
0.0,0.0,1.0,1.0
0.0,0.0,1.0,1.0
1.0,1.0,1.0,1.0
0.0,0.0,0.0,0.0
0.0,1.0,1.0,1.0
0.0,0.0,0.0,0.0
0.0,0.0,0.0,0.0
0.0,0.0,0.0,0.0
0.0,0.0,0.0,0.0
1.0,1.0,1.0,1.0
0.0,0.0,0.0,0.0
0.0,0.0,0.0,0.0
1.0,1.0,1.0,1.0
0.0,0.0,0.0,0.0
1.0,1.0,1.0,1.0
0.0,0.0,0.0,0.0
1.0,1.0,1.0,1.0
0.0,0.0,0.0,0.0
0.0,0.0,0.0,0.0
0.0,0.0,0.0,0.0
0.0,0.0,0.0,0.0
0.0,0.0,0.0,0.0
0.0,0.0,0.0,0.0
0.0,1.0,0.0,0.0
1.0,1.0,0.0,0.0
0.0,0.0,0.0,0.0
0.0,0.0,0.0,0.0
0.0,0.0,0.0,0.0
1.0,1.0,0.0,0.0
0.0,0.0,0.0,0.0
0.0,0.0,0.0,0.0
0.0,0.0,0.0,0.0
0.0,0.0,0.0,0.0
0.0,0.0,0.0,0.0
0.0,0.0,0.0,0.0
0.0,0.0,0.0,0.0
1.0,1.0,1.0,1.0
0.0,0.0,0.0,0.0
0.0,1.0,0.0,0.0
0.0,0.0,0.0,0.0
0.0,0.0,1.0,1.0
1.0,1.0,1.0,1.0
0.0,1.0,1.0,1.0
0.0,0.0,0.0,0.0
0.0,0.0,0.0,0.0
0.0,0.0,0.0,0.0
0.0,0.0,0.0,0.0
0.0,0.0,0.0,0.0
0.0,0.0,1.0,1.0
0.0,0.0,0.0,0.0
0.0,0.0,0.0,0.0
0.0,0.0,0.0,0.0
0.0,0.0,0.0,0.0
1.0,1.0,1.0,1.0
0.0,0.0,1.0,1.0
0.0,0.0,0.0,0.0
0.0,0.0,0.0,0.0
0.0,0.0,0.0,0.0
0.0,0.0,0.0,0.0
1.0,1.0,0.0,0.0
0.0,1.0,1.0,1.0
1.0,1.0,0.0,0.0
0.0,0.0,0.0,0.0
0.0,0.0,0.0,0.0
0.0,0.0,0.0,0.0
0.0,0.0,0.0,0.0
1.0,1.0,1.0,1.0
0.0,0.0,0.0,0.0
1.0,1.0,0.0,0.0
0.0,0.0,1.0,1.0
0.0,0.0,0.0,0.0
0.0,0.0,1.0,1.0
0.0,0.0,0.0,0.0
0.0,0.0,0.0,0.0
1.0,1.0,0.0,0.0
0.0,0.0,0.0,0.0
0.0,0.0,0.0,0.0
0.0,0.0,0.0,0.0
0.0,0.0,0.0,0.0
0.0,0.0,0.0,0.0
0.0,0.0,0.0,0.0
0.0,0.0,0.0,0.0
0.0,0.0,0.0,0.0
0.0,1.0,1.0,1.0
0.0,1.0,0.0,0.0
0.0,0.0,0.0,0.0
0.0,0.0,0.0,0.0
0.0,0.0,0.0,0.0
0.0,0.0,0.0,0.0
1.0,1.0,1.0,1.0
0.0,0.0,0.0,0.0
0.0,0.0,0.0,0.0
0.0,0.0,0.0,0.0
0.0,1.0,1.0,1.0
0.0,1.0,0.0,0.0
0.0,0.0,0.0,0.0
0.0,0.0,0.0,0.0
1.0,1.0,1.0,1.0
0.0,0.0,0.0,0.0
0.0,0.0,0.0,0.0
0.0,0.0,0.0,0.0
0.0,0.0,1.0,0.0
0.0,1.0,1.0,1.0
0.0,1.0,1.0,1.0
0.0,0.0,0.0,0.0
0.0,1.0,0.0,0.0
0.0,0.0,0.0,0.0
0.0,0.0,0.0,0.0
0.0,0.0,0.0,0.0
0.0,1.0,0.0,0.0
0.0,0.0,0.0,0.0
0.0,0.0,0.0,0.0
0.0,0.0,0.0,0.0
0.0,0.0,0.0,0.0
0.0,1.0,0.0,0.0
1.0,1.0,1.0,1.0
1.0,1.0,1.0,1.0
1.0,1.0,1.0,1.0
0.0,0.0,0.0,0.0
0.0,0.0,0.0,0.0
0.0,0.0,0.0,0.0
0.0,0.0,0.0,0.0
0.0,0.0,0.0,0.0
0.0,0.0,0.0,0.0
0.0,0.0,0.0,0.0
0.0,0.0,0.0,0.0
0.0,0.0,0.0,0.0
0.0,0.0,0.0,0.0
0.0,0.0,0.0,0.0
0.0,0.0,0.0,0.0
0.0,0.0,0.0,0.0
0.0,0.0,0.0,0.0
0.0,0.0,0.0,0.0
0.0,0.0,0.0,0.0
0.0,0.0,0.0,0.0
0.0,0.0,1.0,1.0
0.0,1.0,0.0,0.0
1.0,1.0,0.0,0.0
0.0,0.0,0.0,0.0
0.0,1.0,1.0,1.0
0.0,0.0,0.0,0.0
1.0,1.0,1.0,1.0
0.0,0.0,0.0,0.0
0.0,0.0,0.0,0.0
0.0,0.0,0.0,0.0
0.0,0.0,1.0,1.0
0.0,0.0,1.0,1.0
0.0,0.0,0.0,0.0
0.0,0.0,0.0,0.0
0.0,0.0,0.0,0.0
1.0,1.0,1.0,1.0
0.0,0.0,0.0,0.0
0.0,0.0,0.0,0.0
0.0,0.0,0.0,0.0
0.0,0.0,0.0,0.0
0.0,0.0,0.0,0.0
0.0,0.0,0.0,0.0
0.0,0.0,0.0,0.0
0.0,0.0,1.0,1.0
1.0,1.0,1.0,1.0
1.0,1.0,1.0,1.0
0.0,0.0,1.0,1.0
1.0,1.0,1.0,1.0
0.0,1.0,0.0,0.0
0.0,0.0,0.0,0.0
0.0,0.0,0.0,0.0
0.0,0.0,0.0,0.0
1.0,1.0,0.0,0.0
0.0,0.0,1.0,1.0
0.0,0.0,0.0,0.0
0.0,0.0,0.0,0.0
0.0,0.0,0.0,0.0
0.0,0.0,0.0,0.0
0.0,0.0,0.0,0.0
0.0,1.0,1.0,1.0
0.0,0.0,0.0,0.0
0.0,0.0,0.0,0.0
0.0,0.0,0.0,0.0
0.0,0.0,0.0,0.0
0.0,0.0,0.0,0.0
0.0,0.0,0.0,0.0
0.0,0.0,0.0,0.0
1.0,1.0,0.0,0.0
0.0,1.0,1.0,1.0
0.0,0.0,0.0,0.0
0.0,0.0,0.0,0.0
0.0,0.0,0.0,0.0
0.0,1.0,0.0,0.0
0.0,1.0,1.0,1.0
0.0,0.0,0.0,0.0
0.0,0.0,0.0,0.0
0.0,1.0,1.0,1.0
0.0,0.0,0.0,0.0
0.0,0.0,0.0,0.0
0.0,0.0,0.0,0.0
0.0,0.0,0.0,0.0
1.0,1.0,1.0,1.0
0.0,0.0,0.0,0.0
0.0,0.0,0.0,0.0
0.0,0.0,0.0,0.0
0.0,0.0,0.0,0.0
0.0,0.0,0.0,0.0
0.0,0.0,0.0,0.0
0.0,0.0,0.0,0.0
1.0,1.0,1.0,1.0
0.0,0.0,0.0,0.0
0.0,0.0,0.0,0.0
0.0,0.0,0.0,0.0
1.0,1.0,1.0,1.0
0.0,0.0,0.0,0.0
0.0,0.0,0.0,0.0
0.0,1.0,0.0,0.0
0.0,0.0,0.0,0.0
0.0,1.0,0.0,0.0
0.0,0.0,0.0,0.0
0.0,0.0,0.0,0.0
0.0,0.0,0.0,0.0
0.0,1.0,0.0,0.0
0.0,0.0,1.0,1.0
1.0,1.0,1.0,1.0
0.0,0.0,0.0,0.0
0.0,0.0,0.0,0.0
0.0,0.0,0.0,0.0
0.0,0.0,0.0,0.0
0.0,0.0,0.0,0.0
0.0,0.0,0.0,0.0
0.0,0.0,0.0,0.0
0.0,0.0,1.0,1.0
1.0,1.0,0.0,0.0
0.0,0.0,0.0,0.0
0.0,0.0,0.0,0.0
0.0,0.0,0.0,0.0
1.0,1.0,1.0,1.0
1.0,1.0,1.0,1.0
0.0,0.0,0.0,0.0
1.0,1.0,1.0,1.0
1.0,1.0,1.0,1.0
1.0,1.0,1.0,1.0
0.0,0.0,0.0,0.0
0.0,0.0,1.0,1.0
1.0,1.0,1.0,1.0
1.0,1.0,1.0,1.0
0.0,0.0,0.0,0.0
1.0,1.0,0.0,1.0
1.0,1.0,0.0,0.0
0.0,0.0,1.0,1.0
0.0,0.0,0.0,0.0
0.0,0.0,0.0,0.0
0.0,0.0,1.0,1.0
0.0,0.0,1.0,1.0
1.0,1.0,0.0,0.0
0.0,0.0,0.0,0.0
0.0,0.0,0.0,0.0
1.0,1.0,1.0,1.0
1.0,1.0,1.0,1.0
0.0,0.0,0.0,0.0
1.0,1.0,0.0,0.0
0.0,0.0,0.0,0.0
0.0,1.0,1.0,1.0
0.0,0.0,0.0,0.0
0.0,0.0,0.0,0.0
0.0,0.0,0.0,0.0
1.0,1.0,0.0,0.0
0.0,0.0,0.0,0.0
0.0,0.0,0.0,0.0
0.0,0.0,0.0,0.0
0.0,0.0,0.0,0.0
0.0,1.0,1.0,1.0
0.0,0.0,0.0,0.0
1.0,1.0,0.0,0.0
0.0,0.0,0.0,0.0
0.0,0.0,0.0,0.0
0.0,0.0,0.0,0.0
0.0,0.0,0.0,0.0
0.0,0.0,0.0,0.0
1.0,1.0,1.0,1.0
1.0,1.0,1.0,1.0
0.0,0.0,0.0,0.0
0.0,0.0,0.0,0.0
0.0,0.0,0.0,0.0
0.0,0.0,0.0,0.0
0.0,0.0,0.0,0.0
0.0,0.0,0.0,0.0
0.0,0.0,0.0,0.0
0.0,0.0,1.0,1.0
0.0,0.0,0.0,0.0
0.0,0.0,0.0,0.0
0.0,0.0,0.0,0.0
0.0,0.0,0.0,0.0
0.0,0.0,0.0,0.0
1.0,1.0,1.0,1.0
0.0,1.0,1.0,1.0
1.0,1.0,0.0,0.0
0.0,0.0,0.0,0.0
1.0,1.0,1.0,1.0
0.0,0.0,0.0,0.0
1.0,1.0,1.0,1.0
1.0,1.0,1.0,1.0
1.0,1.0,1.0,1.0
0.0,0.0,0.0,0.0
0.0,0.0,0.0,0.0
0.0,0.0,0.0,0.0
1.0,1.0,0.0,0.0
0.0,0.0,0.0,0.0
0.0,0.0,0.0,0.0
1.0,1.0,1.0,1.0
0.0,0.0,0.0,0.0
0.0,0.0,0.0,0.0
0.0,0.0,0.0,1.0
0.0,0.0,0.0,0.0
0.0,0.0,0.0,0.0
0.0,0.0,0.0,0.0
0.0,1.0,1.0,1.0
0.0,0.0,0.0,0.0
0.0,0.0,0.0,0.0
0.0,0.0,0.0,0.0
0.0,0.0,0.0,0.0
0.0,0.0,0.0,0.0
0.0,0.0,1.0,1.0
0.0,0.0,1.0,1.0
0.0,0.0,0.0,0.0
0.0,0.0,0.0,0.0
1.0,1.0,1.0,1.0
0.0,0.0,0.0,0.0
1.0,1.0,0.0,0.0
1.0,1.0,1.0,1.0
1.0,1.0,1.0,1.0
1.0,1.0,0.0,0.0
0.0,0.0,0.0,0.0
0.0,0.0,0.0,0.0
0.0,0.0,1.0,1.0
0.0,0.0,0.0,0.0
0.0,0.0,0.0,0.0
0.0,0.0,0.0,0.0
0.0,0.0,0.0,0.0
0.0,0.0,1.0,1.0
0.0,0.0,0.0,0.0
0.0,0.0,0.0,0.0
1.0,1.0,1.0,1.0
0.0,0.0,0.0,0.0
0.0,0.0,0.0,0.0
0.0,0.0,0.0,0.0
0.0,0.0,0.0,0.0
0.0,0.0,0.0,0.0
0.0,0.0,0.0,0.0
0.0,0.0,0.0,0.0
1.0,1.0,1.0,1.0
0.0,0.0,1.0,1.0
0.0,0.0,0.0,0.0
1.0,1.0,1.0,1.0
0.0,0.0,0.0,0.0
0.0,0.0,1.0,1.0
0.0,0.0,0.0,0.0
0.0,0.0,0.0,0.0
0.0,0.0,0.0,0.0
0.0,0.0,1.0,1.0
0.0,0.0,0.0,0.0
1.0,1.0,1.0,1.0
0.0,0.0,1.0,1.0
0.0,0.0,0.0,0.0
1.0,1.0,0.0,1.0
0.0,0.0,1.0,1.0
0.0,0.0,0.0,0.0
0.0,0.0,0.0,0.0
0.0,1.0,1.0,1.0
0.0,0.0,0.0,0.0
0.0,0.0,0.0,0.0
0.0,1.0,0.0,0.0
0.0,0.0,1.0,1.0
0.0,0.0,0.0,0.0
0.0,0.0,1.0,1.0
0.0,0.0,0.0,0.0
0.0,0.0,0.0,0.0
0.0,0.0,0.0,0.0
0.0,0.0,0.0,0.0
0.0,0.0,0.0,0.0
0.0,0.0,1.0,1.0
1.0,1.0,1.0,1.0
0.0,0.0,0.0,0.0
0.0,0.0,0.0,0.0
0.0,0.0,0.0,0.0
1.0,1.0,1.0,1.0
1.0,1.0,0.0,0.0
0.0,0.0,0.0,0.0
1.0,1.0,1.0,1.0
0.0,0.0,0.0,0.0
0.0,0.0,0.0,0.0
0.0,0.0,0.0,0.0
0.0,0.0,1.0,1.0
0.0,0.0,0.0,0.0
0.0,0.0,0.0,0.0
0.0,0.0,0.0,0.0
1.0,1.0,1.0,1.0
1.0,1.0,1.0,1.0
0.0,0.0,0.0,0.0
0.0,0.0,0.0,0.0
0.0,0.0,0.0,0.0
1.0,1.0,1.0,1.0
0.0,0.0,0.0,0.0
0.0,0.0,0.0,0.0
0.0,0.0,0.0,0.0
1.0,1.0,1.0,1.0
0.0,0.0,0.0,0.0
1.0,1.0,1.0,1.0
1.0,1.0,0.0,0.0
0.0,0.0,0.0,0.0
1.0,1.0,0.0,0.0
0.0,0.0,0.0,0.0
0.0,0.0,0.0,0.0
0.0,0.0,1.0,1.0
1.0,1.0,1.0,1.0
0.0,0.0,0.0,0.0
0.0,0.0,0.0,0.0
0.0,0.0,1.0,1.0
0.0,1.0,0.0,0.0
0.0,0.0,0.0,0.0
0.0,0.0,0.0,0.0
0.0,0.0,0.0,0.0
0.0,1.0,0.0,0.0
0.0,0.0,1.0,1.0
0.0,0.0,0.0,0.0
0.0,0.0,0.0,0.0
0.0,0.0,0.0,0.0
1.0,1.0,1.0,1.0
0.0,0.0,0.0,0.0
0.0,0.0,0.0,0.0
0.0,0.0,0.0,0.0
1.0,1.0,1.0,1.0
0.0,0.0,0.0,0.0
0.0,1.0,1.0,1.0
0.0,0.0,0.0,0.0
0.0,0.0,0.0,0.0
0.0,0.0,1.0,1.0
0.0,0.0,0.0,0.0
1.0,1.0,1.0,1.0
0.0,0.0,0.0,0.0
0.0,0.0,0.0,0.0
0.0,0.0,0.0,0.0
0.0,0.0,0.0,0.0
0.0,1.0,1.0,1.0
0.0,0.0,0.0,0.0
0.0,0.0,0.0,0.0
0.0,0.0,1.0,1.0
1.0,1.0,0.0,0.0
0.0,0.0,0.0,0.0
1.0,1.0,1.0,1.0
1.0,1.0,0.0,0.0
0.0,0.0,0.0,0.0
0.0,0.0,1.0,1.0
0.0,0.0,0.0,0.0
0.0,0.0,1.0,1.0
0.0,0.0,0.0,0.0
0.0,0.0,0.0,0.0
0.0,0.0,0.0,0.0
0.0,0.0,0.0,0.0
0.0,0.0,0.0,0.0
0.0,0.0,0.0,0.0
0.0,0.0,0.0,0.0
1.0,1.0,0.0,0.0
1.0,1.0,1.0,1.0
0.0,0.0,0.0,0.0
0.0,0.0,0.0,0.0
0.0,0.0,0.0,0.0
1.0,1.0,1.0,1.0
1.0,1.0,1.0,1.0
1.0,1.0,1.0,1.0
0.0,0.0,1.0,0.0
1.0,1.0,1.0,1.0
0.0,0.0,0.0,0.0
1.0,1.0,0.0,0.0
0.0,0.0,0.0,0.0
0.0,0.0,0.0,0.0
0.0,0.0,0.0,0.0
0.0,0.0,0.0,0.0
1.0,1.0,0.0,0.0
0.0,0.0,0.0,0.0
0.0,0.0,0.0,0.0
1.0,1.0,0.0,0.0
1.0,1.0,1.0,1.0
0.0,0.0,0.0,0.0
0.0,0.0,0.0,0.0
1.0,1.0,1.0,1.0
0.0,0.0,0.0,0.0
0.0,0.0,1.0,1.0
0.0,0.0,0.0,0.0
0.0,0.0,0.0,0.0
0.0,0.0,0.0,0.0
0.0,1.0,1.0,1.0
0.0,0.0,0.0,0.0
0.0,0.0,0.0,0.0
0.0,0.0,0.0,0.0
0.0,0.0,0.0,0.0
0.0,0.0,0.0,0.0
0.0,0.0,1.0,1.0
0.0,0.0,0.0,0.0
0.0,0.0,0.0,0.0
0.0,0.0,0.0,0.0
0.0,0.0,0.0,0.0
0.0,0.0,0.0,0.0
0.0,0.0,0.0,0.0
1.0,1.0,1.0,1.0
0.0,0.0,0.0,0.0
1.0,1.0,0.0,0.0
0.0,0.0,0.0,0.0
0.0,1.0,1.0,1.0
0.0,1.0,1.0,1.0
0.0,1.0,1.0,1.0
0.0,0.0,0.0,0.0
1.0,1.0,0.0,0.0
0.0,0.0,0.0,0.0
0.0,0.0,0.0,0.0
0.0,1.0,0.0,0.0
0.0,0.0,0.0,0.0
0.0,1.0,0.0,0.0
0.0,1.0,0.0,0.0
0.0,0.0,0.0,0.0
0.0,0.0,0.0,0.0
0.0,0.0,0.0,0.0
1.0,1.0,1.0,1.0
0.0,0.0,1.0,1.0
0.0,0.0,0.0,0.0
0.0,0.0,0.0,0.0
1.0,1.0,1.0,1.0
0.0,0.0,1.0,1.0
0.0,0.0,0.0,0.0
0.0,0.0,0.0,0.0
0.0,0.0,0.0,0.0
0.0,1.0,1.0,1.0
0.0,0.0,0.0,0.0
0.0,0.0,0.0,0.0
0.0,0.0,0.0,0.0
0.0,0.0,0.0,0.0
0.0,0.0,0.0,0.0
0.0,0.0,0.0,0.0
1.0,1.0,0.0,0.0
0.0,0.0,0.0,0.0
0.0,0.0,0.0,0.0
0.0,0.0,0.0,0.0
0.0,0.0,1.0,1.0
0.0,0.0,0.0,0.0
0.0,0.0,0.0,0.0
0.0,0.0,0.0,0.0
1.0,1.0,0.0,0.0
0.0,0.0,0.0,0.0
0.0,0.0,0.0,0.0
0.0,0.0,0.0,0.0
0.0,0.0,0.0,0.0
0.0,0.0,0.0,0.0
0.0,0.0,0.0,0.0
0.0,0.0,0.0,0.0
1.0,1.0,1.0,1.0
0.0,0.0,1.0,1.0
0.0,0.0,0.0,0.0
0.0,0.0,0.0,0.0
1.0,1.0,1.0,1.0
0.0,0.0,0.0,0.0
0.0,0.0,0.0,0.0
0.0,0.0,0.0,0.0
1.0,1.0,0.0,0.0
0.0,1.0,1.0,1.0
0.0,0.0,0.0,0.0
1.0,1.0,1.0,1.0
0.0,0.0,0.0,0.0
0.0,0.0,0.0,0.0
0.0,0.0,0.0,0.0
0.0,0.0,0.0,0.0
0.0,1.0,1.0,1.0
1.0,1.0,1.0,1.0
0.0,0.0,0.0,0.0
0.0,0.0,0.0,0.0
0.0,0.0,0.0,0.0
1.0,1.0,0.0,0.0
0.0,0.0,0.0,0.0
0.0,0.0,0.0,0.0
0.0,0.0,0.0,0.0
1.0,1.0,1.0,1.0
0.0,0.0,1.0,1.0
0.0,0.0,0.0,0.0
0.0,0.0,0.0,0.0
0.0,0.0,0.0,0.0
0.0,0.0,0.0,0.0
0.0,0.0,0.0,0.0
0.0,0.0,0.0,0.0
0.0,0.0,0.0,0.0
0.0,0.0,0.0,0.0
0.0,0.0,0.0,0.0
0.0,0.0,0.0,0.0
0.0,0.0,0.0,0.0
0.0,0.0,0.0,0.0
0.0,1.0,1.0,1.0
0.0,0.0,0.0,0.0
0.0,0.0,1.0,1.0
0.0,0.0,0.0,0.0
0.0,0.0,1.0,0.0
0.0,0.0,0.0,0.0
1.0,1.0,1.0,1.0
0.0,0.0,0.0,0.0
1.0,1.0,0.0,0.0
0.0,0.0,0.0,0.0
0.0,0.0,0.0,0.0
0.0,0.0,0.0,0.0
0.0,0.0,0.0,0.0
0.0,1.0,1.0,1.0
0.0,0.0,0.0,0.0
1.0,1.0,1.0,1.0
1.0,1.0,1.0,0.0
0.0,1.0,0.0,0.0
1.0,1.0,1.0,1.0
0.0,1.0,1.0,1.0
0.0,0.0,0.0,0.0
0.0,0.0,0.0,0.0
0.0,0.0,0.0,0.0
0.0,0.0,0.0,0.0
0.0,0.0,0.0,0.0
0.0,0.0,1.0,1.0
0.0,0.0,0.0,0.0
0.0,0.0,0.0,0.0
0.0,1.0,1.0,1.0
0.0,0.0,1.0,0.0
0.0,0.0,0.0,0.0
0.0,0.0,0.0,0.0
0.0,0.0,0.0,0.0
0.0,0.0,0.0,0.0
0.0,1.0,1.0,0.0
0.0,0.0,0.0,0.0
0.0,0.0,0.0,0.0
0.0,0.0,0.0,0.0
0.0,1.0,1.0,1.0
0.0,0.0,0.0,0.0
0.0,0.0,0.0,0.0
0.0,0.0,0.0,0.0
0.0,0.0,0.0,0.0
0.0,0.0,0.0,0.0
0.0,0.0,0.0,0.0
0.0,0.0,0.0,0.0
0.0,0.0,0.0,0.0
1.0,1.0,1.0,1.0
0.0,0.0,0.0,0.0
0.0,0.0,1.0,1.0
0.0,0.0,1.0,1.0
1.0,1.0,1.0,1.0
0.0,0.0,0.0,0.0
0.0,0.0,0.0,0.0
0.0,0.0,0.0,0.0
0.0,0.0,0.0,0.0
1.0,1.0,0.0,0.0
0.0,0.0,0.0,0.0
0.0,0.0,0.0,0.0
0.0,0.0,0.0,0.0
0.0,0.0,0.0,0.0
0.0,0.0,1.0,1.0
0.0,0.0,0.0,0.0
1.0,1.0,0.0,0.0
0.0,0.0,0.0,0.0
0.0,0.0,0.0,0.0
0.0,1.0,0.0,0.0
1.0,1.0,0.0,0.0
0.0,0.0,0.0,0.0
0.0,0.0,0.0,0.0
0.0,1.0,1.0,1.0
1.0,1.0,1.0,1.0
0.0,0.0,1.0,1.0
0.0,0.0,0.0,0.0
0.0,0.0,0.0,0.0
0.0,0.0,0.0,0.0
0.0,0.0,0.0,0.0
0.0,1.0,1.0,1.0
0.0,0.0,0.0,0.0
0.0,0.0,0.0,0.0
0.0,0.0,1.0,1.0
0.0,0.0,0.0,0.0
1.0,1.0,1.0,1.0
1.0,1.0,1.0,1.0
0.0,0.0,1.0,1.0
0.0,0.0,1.0,1.0
0.0,1.0,0.0,0.0
0.0,0.0,0.0,0.0
0.0,0.0,0.0,0.0
0.0,0.0,0.0,0.0
0.0,0.0,0.0,0.0
0.0,1.0,1.0,1.0
0.0,0.0,0.0,0.0
0.0,0.0,0.0,0.0
0.0,0.0,0.0,0.0
1.0,1.0,0.0,0.0
0.0,0.0,0.0,0.0
0.0,0.0,0.0,0.0
0.0,0.0,0.0,0.0
0.0,0.0,0.0,0.0
0.0,0.0,0.0,0.0
0.0,0.0,0.0,0.0
0.0,0.0,0.0,0.0
0.0,0.0,0.0,0.0
0.0,0.0,0.0,0.0
1.0,1.0,0.0,0.0
0.0,0.0,0.0,0.0
0.0,1.0,1.0,1.0
1.0,1.0,1.0,1.0
0.0,0.0,0.0,0.0
0.0,1.0,1.0,1.0
0.0,0.0,0.0,0.0
0.0,0.0,0.0,0.0
0.0,0.0,0.0,0.0
0.0,0.0,0.0,0.0
0.0,0.0,1.0,1.0
1.0,1.0,1.0,1.0
0.0,0.0,0.0,0.0
0.0,1.0,0.0,0.0
0.0,0.0,1.0,1.0
0.0,0.0,0.0,0.0
1.0,1.0,1.0,1.0
1.0,1.0,1.0,1.0
1.0,1.0,0.0,0.0
0.0,0.0,0.0,0.0
0.0,0.0,0.0,0.0
0.0,0.0,0.0,0.0
0.0,0.0,0.0,0.0
0.0,0.0,0.0,0.0
0.0,0.0,0.0,0.0
0.0,0.0,0.0,0.0
0.0,0.0,0.0,0.0
0.0,0.0,1.0,1.0
0.0,0.0,0.0,0.0
0.0,0.0,0.0,0.0
0.0,0.0,1.0,1.0
0.0,0.0,0.0,0.0
0.0,0.0,0.0,0.0
0.0,0.0,0.0,0.0
0.0,0.0,0.0,0.0
0.0,0.0,0.0,0.0
0.0,0.0,1.0,1.0
1.0,1.0,1.0,1.0
0.0,1.0,0.0,0.0
1.0,1.0,0.0,0.0
0.0,0.0,0.0,0.0
0.0,0.0,0.0,0.0
0.0,0.0,0.0,0.0
0.0,0.0,0.0,0.0
0.0,1.0,0.0,0.0
0.0,0.0,0.0,0.0
0.0,0.0,0.0,0.0
0.0,0.0,0.0,0.0
0.0,0.0,0.0,0.0
0.0,0.0,1.0,1.0
0.0,0.0,0.0,0.0
0.0,0.0,0.0,0.0
0.0,0.0,0.0,0.0
0.0,0.0,0.0,0.0
1.0,1.0,1.0,1.0
0.0,0.0,0.0,0.0
0.0,0.0,0.0,0.0
0.0,0.0,0.0,0.0
0.0,0.0,1.0,0.0
0.0,0.0,0.0,0.0
0.0,0.0,0.0,0.0
0.0,0.0,0.0,0.0
0.0,0.0,0.0,0.0
0.0,0.0,0.0,0.0
0.0,0.0,0.0,0.0
0.0,0.0,0.0,0.0
0.0,1.0,0.0,0.0
1.0,1.0,1.0,1.0
0.0,1.0,0.0,0.0
0.0,1.0,1.0,1.0
1.0,1.0,1.0,1.0
0.0,0.0,0.0,0.0
1.0,1.0,1.0,1.0
0.0,0.0,0.0,0.0
0.0,0.0,0.0,0.0
0.0,0.0,0.0,0.0
0.0,0.0,0.0,0.0
0.0,1.0,0.0,0.0
0.0,0.0,0.0,0.0
0.0,0.0,0.0,0.0
0.0,0.0,0.0,0.0
0.0,0.0,0.0,0.0
0.0,0.0,0.0,0.0
0.0,0.0,0.0,0.0
1.0,1.0,1.0,1.0
1.0,1.0,1.0,1.0
0.0,0.0,0.0,0.0
0.0,0.0,0.0,0.0
0.0,0.0,0.0,0.0
1.0,1.0,0.0,0.0
0.0,0.0,0.0,0.0
0.0,0.0,0.0,0.0
0.0,0.0,0.0,0.0
0.0,0.0,0.0,0.0
0.0,0.0,0.0,0.0
0.0,0.0,0.0,0.0
0.0,0.0,0.0,0.0
1.0,1.0,1.0,1.0
0.0,0.0,0.0,0.0
0.0,0.0,0.0,0.0
0.0,0.0,0.0,0.0
0.0,1.0,1.0,1.0
0.0,0.0,0.0,0.0
0.0,0.0,0.0,0.0
0.0,0.0,0.0,0.0
0.0,0.0,0.0,0.0
1.0,1.0,1.0,1.0
1.0,1.0,0.0,0.0
0.0,0.0,0.0,0.0
0.0,0.0,0.0,0.0
0.0,0.0,0.0,0.0
0.0,0.0,0.0,0.0
0.0,0.0,0.0,0.0
0.0,0.0,0.0,0.0
0.0,0.0,0.0,0.0
0.0,0.0,0.0,0.0
0.0,0.0,0.0,0.0
0.0,0.0,0.0,0.0
0.0,0.0,0.0,0.0
1.0,1.0,0.0,0.0
0.0,0.0,0.0,0.0
0.0,0.0,0.0,0.0
0.0,0.0,0.0,0.0
0.0,0.0,0.0,0.0
0.0,0.0,0.0,0.0
0.0,1.0,1.0,1.0
0.0,1.0,0.0,0.0
0.0,1.0,0.0,0.0
0.0,0.0,0.0,0.0
0.0,0.0,0.0,0.0
0.0,0.0,0.0,0.0
0.0,0.0,1.0,1.0
0.0,0.0,1.0,1.0
0.0,0.0,0.0,0.0
0.0,0.0,0.0,0.0
0.0,0.0,0.0,0.0
1.0,1.0,1.0,1.0
0.0,0.0,0.0,0.0
1.0,1.0,1.0,1.0
0.0,1.0,1.0,1.0
0.0,0.0,0.0,0.0
0.0,0.0,0.0,0.0
0.0,0.0,0.0,0.0
0.0,0.0,0.0,0.0
1.0,1.0,1.0,1.0
1.0,1.0,0.0,0.0
0.0,0.0,0.0,0.0
0.0,0.0,0.0,0.0
0.0,0.0,0.0,0.0
0.0,0.0,1.0,1.0
0.0,0.0,0.0,0.0
0.0,0.0,1.0,1.0
0.0,0.0,0.0,0.0
0.0,0.0,0.0,0.0
1.0,1.0,1.0,1.0
0.0,0.0,0.0,0.0
0.0,0.0,0.0,0.0
0.0,0.0,0.0,0.0
1.0,1.0,0.0,0.0
1.0,1.0,1.0,1.0
0.0,0.0,0.0,0.0
1.0,1.0,0.0,1.0
0.0,0.0,0.0,0.0
0.0,0.0,1.0,1.0
0.0,0.0,0.0,0.0
0.0,0.0,0.0,0.0
1.0,1.0,1.0,1.0
1.0,1.0,0.0,0.0
0.0,0.0,0.0,0.0
0.0,0.0,0.0,0.0
0.0,0.0,0.0,0.0
1.0,1.0,1.0,1.0
0.0,0.0,0.0,1.0
0.0,0.0,0.0,0.0
0.0,0.0,0.0,0.0
0.0,0.0,0.0,0.0
1.0,1.0,1.0,1.0
1.0,1.0,1.0,1.0
0.0,0.0,1.0,1.0
0.0,0.0,0.0,0.0
0.0,1.0,1.0,1.0
0.0,1.0,1.0,1.0
0.0,0.0,0.0,0.0
0.0,0.0,0.0,0.0
1.0,1.0,1.0,1.0
0.0,0.0,0.0,0.0
0.0,0.0,0.0,0.0
0.0,0.0,0.0,0.0
0.0,0.0,0.0,0.0
0.0,1.0,1.0,1.0
0.0,0.0,0.0,0.0
0.0,0.0,0.0,0.0
0.0,0.0,0.0,0.0
0.0,0.0,0.0,0.0
0.0,0.0,0.0,0.0
1.0,1.0,1.0,1.0
0.0,0.0,0.0,0.0
0.0,0.0,1.0,1.0
0.0,0.0,0.0,0.0
0.0,0.0,0.0,0.0
0.0,0.0,0.0,1.0
0.0,0.0,0.0,0.0
0.0,0.0,0.0,0.0
0.0,0.0,0.0,0.0
0.0,0.0,0.0,0.0
0.0,0.0,0.0,0.0
0.0,0.0,0.0,0.0
0.0,0.0,1.0,1.0
0.0,0.0,0.0,0.0
0.0,0.0,1.0,1.0
0.0,0.0,0.0,0.0
0.0,0.0,0.0,0.0
0.0,0.0,0.0,0.0
0.0,0.0,0.0,0.0
1.0,1.0,0.0,0.0
0.0,0.0,1.0,1.0
0.0,0.0,0.0,0.0
0.0,0.0,0.0,0.0
0.0,0.0,0.0,0.0
1.0,1.0,1.0,1.0
0.0,0.0,0.0,0.0
0.0,0.0,0.0,0.0
1.0,1.0,0.0,0.0
1.0,1.0,1.0,1.0
0.0,0.0,0.0,0.0
0.0,0.0,0.0,0.0
0.0,0.0,0.0,0.0
0.0,0.0,1.0,1.0
0.0,0.0,0.0,0.0
1.0,1.0,0.0,0.0
0.0,0.0,0.0,0.0
0.0,0.0,0.0,0.0
0.0,0.0,0.0,0.0
0.0,0.0,0.0,0.0
1.0,1.0,1.0,1.0
0.0,0.0,0.0,0.0
0.0,0.0,0.0,0.0
0.0,0.0,1.0,1.0
0.0,0.0,0.0,0.0
0.0,0.0,0.0,0.0
0.0,0.0,0.0,0.0
0.0,0.0,0.0,0.0
0.0,0.0,0.0,0.0
0.0,0.0,0.0,0.0
0.0,0.0,0.0,0.0
0.0,0.0,0.0,0.0
0.0,0.0,0.0,0.0
0.0,0.0,0.0,0.0
0.0,0.0,0.0,0.0
0.0,0.0,0.0,0.0
0.0,0.0,0.0,0.0
0.0,0.0,0.0,0.0
0.0,1.0,1.0,1.0
0.0,0.0,0.0,0.0
0.0,0.0,0.0,0.0
0.0,0.0,0.0,0.0
0.0,0.0,0.0,0.0
0.0,0.0,0.0,0.0
0.0,0.0,0.0,0.0
0.0,0.0,0.0,0.0
0.0,0.0,0.0,0.0
1.0,1.0,0.0,0.0
0.0,0.0,0.0,0.0
0.0,0.0,0.0,0.0
0.0,0.0,0.0,0.0
0.0,0.0,0.0,0.0
0.0,0.0,0.0,0.0
0.0,0.0,0.0,0.0
0.0,0.0,0.0,0.0
0.0,0.0,0.0,0.0
1.0,1.0,0.0,0.0
0.0,0.0,0.0,0.0
0.0,0.0,0.0,0.0
0.0,0.0,0.0,0.0
0.0,0.0,0.0,0.0
0.0,0.0,0.0,0.0
0.0,0.0,0.0,0.0
0.0,0.0,0.0,0.0
0.0,0.0,0.0,0.0
0.0,0.0,0.0,0.0
0.0,0.0,0.0,0.0
1.0,1.0,0.0,0.0
0.0,0.0,0.0,0.0
0.0,0.0,0.0,0.0
0.0,0.0,0.0,0.0
0.0,0.0,0.0,0.0
0.0,0.0,0.0,0.0
0.0,0.0,0.0,0.0
1.0,1.0,1.0,1.0
0.0,0.0,0.0,0.0
0.0,0.0,0.0,0.0
0.0,0.0,0.0,0.0
0.0,0.0,0.0,0.0
0.0,0.0,0.0,0.0
0.0,0.0,0.0,0.0
1.0,1.0,1.0,1.0
0.0,0.0,0.0,0.0
0.0,0.0,0.0,0.0
0.0,0.0,0.0,0.0
0.0,0.0,0.0,0.0
0.0,0.0,0.0,0.0
1.0,1.0,0.0,0.0
0.0,1.0,1.0,1.0
0.0,0.0,1.0,1.0
1.0,1.0,0.0,0.0
0.0,0.0,0.0,0.0
0.0,0.0,0.0,0.0
0.0,0.0,0.0,0.0
1.0,1.0,1.0,1.0
0.0,0.0,0.0,0.0
0.0,0.0,0.0,0.0
0.0,0.0,1.0,1.0
0.0,0.0,0.0,0.0
0.0,0.0,0.0,0.0
0.0,0.0,0.0,0.0
0.0,0.0,0.0,0.0
1.0,1.0,1.0,1.0
0.0,0.0,0.0,0.0
0.0,0.0,1.0,1.0
0.0,0.0,0.0,0.0
0.0,0.0,0.0,0.0
0.0,0.0,0.0,0.0
0.0,0.0,0.0,0.0
0.0,0.0,0.0,0.0
0.0,0.0,0.0,0.0
0.0,0.0,0.0,0.0
0.0,0.0,0.0,0.0
0.0,0.0,0.0,0.0
1.0,1.0,0.0,0.0
0.0,0.0,0.0,0.0
1.0,1.0,0.0,0.0
1.0,1.0,1.0,1.0
1.0,1.0,1.0,1.0
0.0,0.0,0.0,0.0
0.0,0.0,0.0,0.0
0.0,0.0,0.0,0.0
0.0,0.0,0.0,0.0
0.0,0.0,0.0,0.0
1.0,1.0,0.0,0.0
0.0,0.0,0.0,0.0
1.0,1.0,0.0,0.0
0.0,0.0,0.0,1.0
0.0,0.0,0.0,0.0
0.0,0.0,1.0,1.0
1.0,1.0,1.0,1.0
1.0,1.0,1.0,1.0
1.0,1.0,0.0,0.0
0.0,0.0,0.0,0.0
1.0,1.0,0.0,0.0
0.0,0.0,1.0,1.0
0.0,0.0,0.0,0.0
0.0,0.0,0.0,0.0
0.0,0.0,1.0,1.0
1.0,1.0,0.0,0.0
0.0,0.0,1.0,1.0
0.0,0.0,0.0,0.0
0.0,0.0,0.0,0.0
0.0,0.0,0.0,0.0
1.0,1.0,1.0,1.0
1.0,1.0,1.0,1.0
1.0,1.0,0.0,0.0
0.0,0.0,0.0,0.0
0.0,0.0,1.0,1.0
0.0,0.0,0.0,0.0
1.0,1.0,1.0,1.0
0.0,0.0,0.0,0.0
0.0,0.0,0.0,0.0
0.0,0.0,0.0,0.0
0.0,0.0,0.0,0.0
0.0,0.0,0.0,0.0
0.0,0.0,0.0,0.0
0.0,0.0,0.0,0.0
0.0,0.0,0.0,0.0
0.0,1.0,1.0,1.0
0.0,0.0,0.0,0.0
0.0,0.0,0.0,0.0
0.0,0.0,0.0,0.0
0.0,0.0,0.0,0.0
1.0,1.0,0.0,0.0
0.0,1.0,1.0,1.0
0.0,0.0,0.0,0.0
0.0,0.0,0.0,0.0
0.0,0.0,0.0,0.0
0.0,0.0,0.0,0.0
0.0,1.0,1.0,1.0
0.0,0.0,1.0,1.0
0.0,1.0,1.0,1.0
1.0,1.0,1.0,1.0
0.0,0.0,0.0,0.0
0.0,0.0,0.0,0.0
1.0,1.0,0.0,0.0
0.0,0.0,0.0,0.0
0.0,0.0,0.0,0.0
0.0,0.0,0.0,0.0
0.0,0.0,0.0,0.0
0.0,0.0,0.0,0.0
1.0,1.0,1.0,1.0
0.0,0.0,0.0,0.0
0.0,0.0,0.0,0.0
1.0,1.0,0.0,0.0
1.0,1.0,0.0,0.0
1.0,1.0,1.0,0.0
0.0,0.0,0.0,0.0
0.0,0.0,0.0,0.0
0.0,0.0,0.0,0.0
0.0,0.0,0.0,0.0
0.0,0.0,0.0,0.0
0.0,0.0,0.0,0.0
0.0,0.0,0.0,0.0
0.0,0.0,0.0,0.0
0.0,0.0,0.0,0.0
1.0,1.0,1.0,0.0
1.0,1.0,1.0,1.0
1.0,1.0,0.0,0.0
0.0,0.0,0.0,0.0
0.0,0.0,0.0,0.0
0.0,1.0,1.0,1.0
0.0,0.0,0.0,0.0
0.0,0.0,0.0,0.0
0.0,0.0,0.0,0.0
0.0,0.0,0.0,0.0
0.0,0.0,0.0,0.0
0.0,0.0,0.0,0.0
0.0,0.0,0.0,0.0
1.0,1.0,0.0,0.0
1.0,1.0,1.0,1.0
1.0,1.0,1.0,1.0
0.0,1.0,1.0,1.0
0.0,0.0,0.0,0.0
0.0,0.0,0.0,0.0
0.0,0.0,0.0,0.0
1.0,1.0,0.0,0.0
0.0,0.0,0.0,0.0
0.0,0.0,0.0,0.0
1.0,1.0,0.0,0.0
0.0,1.0,1.0,1.0
0.0,0.0,0.0,0.0
0.0,0.0,0.0,0.0
0.0,0.0,1.0,1.0
0.0,0.0,0.0,0.0
0.0,1.0,1.0,1.0
0.0,0.0,0.0,0.0
0.0,0.0,0.0,0.0
0.0,0.0,0.0,0.0
1.0,1.0,1.0,1.0
0.0,0.0,0.0,0.0
0.0,0.0,0.0,0.0
1.0,1.0,1.0,1.0
0.0,0.0,0.0,0.0
0.0,0.0,0.0,0.0
0.0,0.0,0.0,0.0
0.0,0.0,0.0,0.0
1.0,1.0,0.0,0.0
0.0,0.0,0.0,0.0
0.0,0.0,0.0,0.0
0.0,0.0,0.0,0.0
0.0,0.0,0.0,0.0
0.0,0.0,1.0,1.0
0.0,0.0,0.0,0.0
0.0,0.0,0.0,0.0
0.0,0.0,0.0,0.0
0.0,0.0,0.0,0.0
1.0,1.0,1.0,1.0
0.0,0.0,0.0,0.0
0.0,0.0,0.0,0.0
0.0,0.0,0.0,0.0
0.0,0.0,0.0,0.0
0.0,0.0,1.0,1.0
0.0,0.0,0.0,0.0
0.0,0.0,0.0,0.0
0.0,0.0,0.0,0.0
1.0,1.0,1.0,1.0
0.0,0.0,0.0,0.0
1.0,1.0,1.0,1.0
0.0,0.0,0.0,0.0
0.0,0.0,0.0,0.0
0.0,0.0,0.0,0.0
0.0,0.0,0.0,0.0
1.0,1.0,1.0,1.0
0.0,0.0,0.0,0.0
1.0,1.0,1.0,1.0
0.0,0.0,0.0,0.0
0.0,0.0,0.0,0.0
0.0,0.0,0.0,0.0
1.0,1.0,1.0,1.0
0.0,0.0,0.0,0.0
0.0,0.0,0.0,0.0
0.0,0.0,0.0,0.0
1.0,1.0,1.0,1.0
0.0,0.0,0.0,0.0
0.0,0.0,1.0,1.0
0.0,0.0,0.0,0.0
1.0,1.0,1.0,1.0
0.0,0.0,1.0,1.0
0.0,0.0,0.0,0.0
1.0,1.0,1.0,1.0
1.0,1.0,0.0,0.0
0.0,0.0,0.0,0.0
0.0,0.0,0.0,0.0
0.0,0.0,0.0,0.0
0.0,0.0,0.0,0.0
0.0,0.0,0.0,0.0
0.0,0.0,1.0,1.0
0.0,0.0,0.0,0.0
1.0,1.0,0.0,0.0
0.0,1.0,1.0,1.0
0.0,0.0,0.0,0.0
0.0,0.0,1.0,1.0
0.0,0.0,0.0,0.0
0.0,1.0,0.0,0.0
0.0,0.0,0.0,0.0
1.0,1.0,0.0,0.0
0.0,0.0,0.0,0.0
0.0,0.0,0.0,0.0
0.0,0.0,0.0,0.0
0.0,0.0,1.0,1.0
0.0,0.0,1.0,1.0
0.0,0.0,0.0,0.0
0.0,0.0,0.0,0.0
1.0,1.0,1.0,1.0
0.0,0.0,0.0,0.0
0.0,0.0,0.0,0.0
0.0,0.0,0.0,0.0
0.0,0.0,0.0,0.0
0.0,0.0,0.0,0.0
0.0,0.0,0.0,0.0
0.0,0.0,0.0,0.0
0.0,0.0,1.0,1.0
0.0,0.0,0.0,0.0
0.0,0.0,0.0,0.0
0.0,0.0,0.0,0.0
0.0,0.0,0.0,0.0
0.0,0.0,1.0,1.0
0.0,0.0,0.0,0.0
0.0,0.0,0.0,0.0
0.0,0.0,0.0,0.0
0.0,0.0,1.0,1.0
0.0,0.0,0.0,0.0
0.0,0.0,1.0,1.0
0.0,0.0,1.0,1.0
0.0,0.0,0.0,0.0
0.0,0.0,1.0,1.0
0.0,0.0,0.0,0.0
1.0,1.0,1.0,1.0
0.0,0.0,0.0,0.0
0.0,0.0,0.0,0.0
0.0,0.0,1.0,1.0
0.0,0.0,0.0,0.0
0.0,0.0,0.0,0.0
0.0,0.0,0.0,0.0
0.0,0.0,0.0,0.0
0.0,0.0,0.0,0.0
0.0,0.0,0.0,0.0
0.0,0.0,0.0,0.0
1.0,1.0,1.0,1.0
0.0,0.0,0.0,0.0
0.0,0.0,0.0,0.0
0.0,0.0,0.0,0.0
0.0,1.0,0.0,0.0
0.0,0.0,0.0,0.0
0.0,0.0,0.0,0.0
0.0,0.0,0.0,0.0
0.0,1.0,0.0,1.0
0.0,0.0,1.0,1.0
0.0,1.0,1.0,1.0
0.0,0.0,1.0,1.0
0.0,0.0,0.0,0.0
0.0,0.0,1.0,1.0
0.0,0.0,0.0,0.0
0.0,0.0,0.0,0.0
1.0,1.0,1.0,1.0
1.0,1.0,1.0,0.0
0.0,0.0,0.0,0.0
1.0,1.0,0.0,0.0
0.0,0.0,0.0,0.0
0.0,0.0,0.0,0.0
0.0,1.0,0.0,0.0
0.0,0.0,0.0,0.0
1.0,1.0,0.0,0.0
0.0,1.0,0.0,0.0
0.0,0.0,0.0,0.0
0.0,1.0,1.0,1.0
0.0,0.0,0.0,0.0
0.0,0.0,0.0,0.0
0.0,0.0,0.0,0.0
0.0,0.0,0.0,0.0
1.0,1.0,1.0,1.0
0.0,0.0,0.0,0.0
0.0,0.0,0.0,0.0
0.0,0.0,0.0,0.0
1.0,1.0,0.0,0.0
0.0,0.0,0.0,0.0
0.0,0.0,0.0,0.0
0.0,0.0,0.0,0.0
1.0,1.0,1.0,1.0
0.0,0.0,0.0,0.0
0.0,0.0,0.0,0.0
0.0,0.0,0.0,0.0
0.0,0.0,0.0,0.0
0.0,0.0,0.0,0.0
1.0,1.0,0.0,0.0
0.0,0.0,0.0,0.0
0.0,0.0,0.0,0.0
0.0,0.0,0.0,0.0
0.0,0.0,0.0,0.0
1.0,1.0,1.0,1.0
0.0,0.0,0.0,0.0
0.0,0.0,0.0,0.0
0.0,0.0,0.0,0.0
0.0,0.0,0.0,0.0
0.0,0.0,0.0,0.0
1.0,1.0,1.0,1.0
1.0,1.0,0.0,0.0
0.0,1.0,1.0,1.0
0.0,1.0,0.0,0.0
0.0,0.0,0.0,0.0
0.0,0.0,1.0,1.0
0.0,0.0,0.0,0.0
1.0,1.0,0.0,0.0
0.0,0.0,0.0,0.0
0.0,0.0,0.0,0.0
0.0,0.0,0.0,0.0
0.0,0.0,0.0,0.0
0.0,1.0,0.0,0.0
0.0,0.0,0.0,0.0
0.0,0.0,0.0,0.0
0.0,0.0,0.0,0.0
0.0,1.0,1.0,1.0
0.0,0.0,0.0,0.0
0.0,0.0,0.0,0.0
0.0,0.0,0.0,0.0
0.0,0.0,0.0,0.0
1.0,1.0,0.0,0.0
0.0,0.0,0.0,0.0
0.0,0.0,0.0,0.0
0.0,0.0,0.0,0.0
0.0,0.0,0.0,0.0
0.0,0.0,1.0,1.0
0.0,0.0,0.0,0.0
0.0,0.0,0.0,0.0
0.0,0.0,1.0,1.0
0.0,0.0,0.0,0.0
0.0,0.0,0.0,0.0
0.0,0.0,0.0,0.0
0.0,0.0,0.0,0.0
0.0,0.0,0.0,0.0
0.0,0.0,0.0,0.0
0.0,0.0,0.0,0.0
0.0,1.0,0.0,0.0
1.0,1.0,1.0,1.0
0.0,0.0,0.0,0.0
1.0,1.0,1.0,1.0
0.0,0.0,0.0,0.0
1.0,1.0,1.0,1.0
0.0,0.0,0.0,0.0
0.0,0.0,0.0,0.0
0.0,0.0,0.0,0.0
0.0,0.0,0.0,0.0
0.0,0.0,0.0,0.0
1.0,1.0,1.0,1.0
0.0,0.0,0.0,0.0
0.0,0.0,0.0,0.0
0.0,0.0,0.0,0.0
0.0,0.0,0.0,0.0
1.0,1.0,1.0,1.0
0.0,0.0,0.0,0.0
0.0,0.0,0.0,0.0
0.0,0.0,0.0,0.0
0.0,0.0,0.0,0.0
0.0,0.0,0.0,0.0
0.0,0.0,1.0,1.0
0.0,0.0,0.0,0.0
0.0,0.0,0.0,0.0
0.0,0.0,0.0,0.0
0.0,0.0,0.0,0.0
0.0,0.0,0.0,0.0
0.0,0.0,0.0,0.0
0.0,0.0,0.0,0.0
0.0,0.0,0.0,0.0
1.0,1.0,1.0,1.0
1.0,1.0,0.0,0.0
0.0,0.0,0.0,0.0
0.0,0.0,0.0,0.0
0.0,0.0,0.0,0.0
0.0,1.0,1.0,1.0
0.0,0.0,0.0,0.0
1.0,1.0,0.0,0.0
0.0,0.0,0.0,0.0
0.0,0.0,0.0,0.0
0.0,1.0,0.0,0.0
0.0,0.0,0.0,0.0
0.0,0.0,0.0,0.0
0.0,0.0,0.0,0.0
0.0,0.0,0.0,0.0
0.0,0.0,0.0,0.0
1.0,1.0,0.0,0.0
0.0,0.0,1.0,1.0
0.0,0.0,0.0,0.0
0.0,0.0,0.0,0.0
0.0,0.0,0.0,0.0
1.0,1.0,1.0,1.0
0.0,0.0,0.0,0.0
0.0,0.0,0.0,0.0
0.0,0.0,0.0,0.0
0.0,0.0,0.0,0.0
0.0,0.0,0.0,0.0
0.0,0.0,0.0,0.0
0.0,0.0,0.0,0.0
1.0,1.0,1.0,1.0
0.0,0.0,0.0,0.0
0.0,0.0,0.0,0.0
0.0,0.0,0.0,0.0
0.0,0.0,0.0,0.0
0.0,1.0,0.0,0.0
1.0,1.0,0.0,1.0
0.0,0.0,0.0,0.0
0.0,0.0,0.0,0.0
0.0,0.0,0.0,0.0
0.0,0.0,0.0,0.0
1.0,1.0,1.0,1.0
0.0,0.0,0.0,0.0
0.0,0.0,0.0,0.0
0.0,0.0,0.0,0.0
0.0,0.0,0.0,0.0
0.0,0.0,0.0,0.0
0.0,0.0,0.0,0.0
1.0,1.0,0.0,0.0
0.0,0.0,0.0,0.0
0.0,0.0,0.0,0.0
0.0,0.0,0.0,0.0
1.0,1.0,1.0,1.0
0.0,0.0,0.0,0.0
0.0,0.0,1.0,1.0
0.0,0.0,0.0,0.0
1.0,1.0,0.0,0.0
0.0,0.0,0.0,0.0
1.0,1.0,0.0,0.0
0.0,0.0,0.0,0.0
0.0,0.0,0.0,0.0
0.0,0.0,0.0,0.0
1.0,1.0,1.0,1.0
0.0,0.0,0.0,0.0
0.0,1.0,0.0,0.0
0.0,0.0,0.0,0.0
0.0,0.0,1.0,1.0
0.0,0.0,0.0,0.0
0.0,1.0,1.0,1.0
0.0,0.0,1.0,1.0
0.0,0.0,0.0,0.0
1.0,1.0,0.0,0.0
0.0,0.0,0.0,0.0
0.0,0.0,0.0,0.0
0.0,0.0,0.0,0.0
0.0,0.0,0.0,0.0
0.0,0.0,1.0,1.0
1.0,1.0,1.0,1.0
0.0,0.0,1.0,1.0
1.0,1.0,1.0,1.0
0.0,0.0,0.0,0.0
0.0,0.0,0.0,0.0
0.0,0.0,0.0,0.0
0.0,0.0,0.0,0.0
0.0,0.0,0.0,0.0
0.0,0.0,0.0,0.0
1.0,1.0,1.0,1.0
0.0,0.0,0.0,0.0
0.0,0.0,0.0,0.0
0.0,0.0,0.0,0.0
1.0,1.0,1.0,1.0
0.0,0.0,0.0,0.0
0.0,0.0,1.0,1.0
0.0,0.0,0.0,0.0
1.0,1.0,0.0,0.0
0.0,0.0,1.0,1.0
0.0,0.0,0.0,0.0
0.0,0.0,0.0,0.0
0.0,0.0,0.0,0.0
0.0,0.0,0.0,0.0
0.0,0.0,0.0,0.0
0.0,0.0,0.0,0.0
1.0,1.0,1.0,1.0
0.0,0.0,1.0,1.0
0.0,0.0,0.0,0.0
0.0,0.0,0.0,0.0
1.0,1.0,0.0,0.0
0.0,0.0,0.0,0.0
0.0,0.0,0.0,0.0
0.0,0.0,0.0,0.0
0.0,0.0,0.0,0.0
0.0,0.0,0.0,0.0
0.0,0.0,0.0,0.0
0.0,0.0,0.0,0.0
0.0,0.0,0.0,0.0
0.0,0.0,0.0,0.0
0.0,0.0,1.0,1.0
0.0,0.0,0.0,0.0
0.0,1.0,1.0,1.0
1.0,1.0,1.0,1.0
0.0,0.0,0.0,0.0
1.0,1.0,1.0,1.0
1.0,1.0,1.0,1.0
0.0,0.0,0.0,0.0
0.0,0.0,0.0,0.0
1.0,1.0,1.0,1.0
0.0,0.0,0.0,0.0
1.0,1.0,0.0,0.0
0.0,0.0,0.0,0.0
0.0,0.0,0.0,0.0
0.0,0.0,1.0,1.0
0.0,0.0,0.0,0.0
1.0,1.0,0.0,0.0
1.0,1.0,1.0,1.0
0.0,0.0,0.0,0.0
0.0,0.0,0.0,0.0
0.0,0.0,1.0,1.0
0.0,0.0,0.0,0.0
0.0,0.0,0.0,0.0
0.0,0.0,1.0,1.0
0.0,0.0,0.0,0.0
1.0,1.0,1.0,1.0
1.0,1.0,0.0,0.0
0.0,1.0,0.0,0.0
0.0,0.0,1.0,1.0
0.0,1.0,1.0,1.0
0.0,0.0,0.0,0.0
0.0,0.0,0.0,0.0
1.0,1.0,1.0,1.0
0.0,0.0,0.0,0.0
0.0,0.0,1.0,1.0
0.0,0.0,0.0,0.0
0.0,0.0,0.0,0.0
1.0,1.0,1.0,1.0
0.0,0.0,0.0,0.0
0.0,0.0,0.0,0.0
0.0,0.0,0.0,0.0
0.0,0.0,0.0,0.0
0.0,0.0,0.0,0.0
0.0,0.0,0.0,0.0
1.0,1.0,1.0,1.0
0.0,0.0,0.0,0.0
0.0,0.0,0.0,0.0
1.0,1.0,0.0,0.0
1.0,1.0,1.0,1.0
0.0,0.0,0.0,0.0
1.0,1.0,1.0,1.0
1.0,1.0,1.0,1.0
0.0,0.0,0.0,0.0
0.0,0.0,0.0,0.0
1.0,1.0,1.0,1.0
0.0,0.0,0.0,0.0
0.0,0.0,0.0,0.0
0.0,0.0,0.0,0.0
0.0,0.0,0.0,0.0
0.0,0.0,0.0,0.0
0.0,0.0,0.0,0.0
0.0,0.0,0.0,0.0
0.0,0.0,0.0,0.0
0.0,0.0,0.0,0.0
0.0,0.0,0.0,0.0
0.0,0.0,0.0,0.0
0.0,0.0,0.0,0.0
0.0,0.0,0.0,0.0
0.0,0.0,0.0,0.0
0.0,0.0,0.0,0.0
0.0,0.0,0.0,0.0
0.0,0.0,0.0,0.0
0.0,0.0,0.0,0.0
0.0,0.0,0.0,0.0
0.0,0.0,0.0,0.0
0.0,0.0,0.0,0.0
0.0,0.0,0.0,0.0
1.0,1.0,1.0,1.0
0.0,0.0,0.0,0.0
0.0,0.0,0.0,0.0
0.0,1.0,0.0,0.0
0.0,0.0,1.0,1.0
0.0,0.0,0.0,0.0
0.0,0.0,0.0,0.0
0.0,0.0,0.0,0.0
0.0,0.0,1.0,1.0
0.0,0.0,1.0,1.0
0.0,0.0,0.0,0.0
0.0,0.0,0.0,0.0
0.0,1.0,0.0,0.0
0.0,0.0,0.0,0.0
0.0,0.0,0.0,0.0
0.0,0.0,0.0,0.0
0.0,0.0,0.0,0.0
1.0,1.0,0.0,0.0
0.0,0.0,0.0,0.0
0.0,0.0,0.0,0.0
0.0,0.0,1.0,1.0
0.0,0.0,0.0,0.0
0.0,0.0,0.0,0.0
0.0,0.0,0.0,0.0
0.0,0.0,0.0,0.0
0.0,0.0,0.0,0.0
0.0,0.0,0.0,0.0
0.0,0.0,0.0,0.0
0.0,0.0,0.0,0.0
0.0,0.0,0.0,0.0
0.0,0.0,0.0,0.0
0.0,0.0,0.0,0.0
0.0,0.0,0.0,0.0
0.0,0.0,0.0,0.0
0.0,0.0,0.0,0.0
0.0,0.0,0.0,0.0
0.0,0.0,0.0,0.0
0.0,0.0,0.0,0.0
0.0,0.0,0.0,0.0
0.0,1.0,1.0,1.0
0.0,0.0,0.0,0.0
1.0,1.0,1.0,1.0
0.0,0.0,0.0,0.0
0.0,0.0,0.0,0.0
0.0,0.0,0.0,0.0
0.0,1.0,1.0,1.0
0.0,0.0,0.0,0.0
1.0,1.0,0.0,0.0
0.0,0.0,0.0,0.0
0.0,0.0,0.0,0.0
0.0,0.0,0.0,0.0
1.0,1.0,1.0,1.0
0.0,1.0,1.0,1.0
0.0,0.0,0.0,0.0
0.0,0.0,0.0,0.0
0.0,0.0,0.0,0.0
0.0,0.0,0.0,0.0
0.0,0.0,0.0,0.0
0.0,0.0,0.0,0.0
0.0,0.0,0.0,0.0
0.0,0.0,0.0,0.0
0.0,0.0,0.0,0.0
0.0,0.0,0.0,0.0
0.0,0.0,0.0,0.0
0.0,1.0,0.0,0.0
0.0,0.0,0.0,0.0
0.0,0.0,1.0,1.0
0.0,0.0,0.0,0.0
1.0,1.0,1.0,1.0
0.0,0.0,0.0,0.0
0.0,0.0,0.0,0.0
0.0,0.0,0.0,0.0
0.0,0.0,0.0,0.0
1.0,1.0,1.0,1.0
0.0,0.0,0.0,0.0
1.0,1.0,1.0,1.0
1.0,1.0,1.0,1.0
0.0,0.0,0.0,0.0
0.0,0.0,0.0,0.0
1.0,1.0,1.0,1.0
0.0,0.0,0.0,0.0
0.0,0.0,0.0,0.0
1.0,1.0,0.0,0.0
0.0,1.0,0.0,0.0
0.0,0.0,0.0,0.0
0.0,1.0,1.0,0.0
1.0,1.0,0.0,0.0
0.0,0.0,0.0,0.0
0.0,0.0,0.0,0.0
0.0,0.0,0.0,0.0
0.0,0.0,0.0,0.0
0.0,0.0,0.0,0.0
0.0,0.0,0.0,0.0
0.0,0.0,0.0,0.0
0.0,0.0,0.0,0.0
0.0,1.0,0.0,0.0
0.0,0.0,0.0,0.0
0.0,0.0,0.0,0.0
1.0,1.0,1.0,1.0
0.0,0.0,0.0,0.0
0.0,0.0,1.0,1.0
0.0,0.0,0.0,0.0
0.0,0.0,0.0,0.0
0.0,0.0,0.0,0.0
1.0,1.0,0.0,0.0
0.0,0.0,1.0,1.0
0.0,0.0,0.0,0.0
0.0,0.0,1.0,1.0
1.0,1.0,0.0,0.0
0.0,0.0,0.0,0.0
0.0,0.0,0.0,0.0
0.0,0.0,0.0,0.0
0.0,0.0,0.0,0.0
0.0,0.0,0.0,0.0
0.0,1.0,1.0,1.0
0.0,0.0,1.0,1.0
1.0,1.0,1.0,1.0
1.0,1.0,1.0,1.0
0.0,0.0,0.0,0.0
0.0,0.0,0.0,0.0
0.0,0.0,0.0,0.0
0.0,0.0,1.0,0.0
0.0,0.0,0.0,0.0
0.0,0.0,0.0,0.0
0.0,0.0,0.0,0.0
0.0,0.0,0.0,0.0
1.0,1.0,1.0,1.0
0.0,0.0,0.0,0.0
0.0,0.0,0.0,0.0
0.0,0.0,0.0,0.0
1.0,1.0,0.0,0.0
0.0,0.0,0.0,0.0
0.0,0.0,0.0,0.0
0.0,0.0,0.0,0.0
0.0,0.0,0.0,0.0
0.0,0.0,0.0,0.0
0.0,0.0,0.0,0.0
0.0,0.0,0.0,0.0
1.0,1.0,1.0,1.0
0.0,0.0,0.0,0.0
1.0,1.0,1.0,1.0
0.0,0.0,1.0,1.0
0.0,0.0,0.0,0.0
0.0,0.0,0.0,0.0
0.0,1.0,1.0,1.0
0.0,0.0,0.0,0.0
0.0,0.0,0.0,0.0
0.0,0.0,0.0,0.0
0.0,0.0,0.0,0.0
0.0,0.0,0.0,0.0
0.0,0.0,0.0,0.0
0.0,0.0,0.0,0.0
0.0,0.0,0.0,0.0
0.0,0.0,0.0,0.0
0.0,0.0,0.0,0.0
0.0,1.0,1.0,1.0
0.0,0.0,0.0,0.0
0.0,0.0,0.0,0.0
1.0,1.0,1.0,1.0
0.0,1.0,1.0,1.0
0.0,0.0,0.0,0.0
0.0,1.0,1.0,1.0
0.0,0.0,0.0,0.0
0.0,0.0,0.0,0.0
0.0,0.0,0.0,0.0
0.0,1.0,1.0,0.0
0.0,0.0,0.0,0.0
0.0,0.0,0.0,0.0
0.0,0.0,0.0,0.0
1.0,1.0,1.0,1.0
0.0,0.0,1.0,1.0
0.0,0.0,1.0,0.0
1.0,1.0,1.0,1.0
1.0,1.0,0.0,1.0
0.0,0.0,1.0,1.0
1.0,1.0,1.0,1.0
0.0,0.0,0.0,0.0
1.0,1.0,1.0,1.0
0.0,0.0,0.0,0.0
0.0,0.0,0.0,0.0
0.0,0.0,0.0,0.0
0.0,0.0,0.0,0.0
0.0,0.0,0.0,0.0
1.0,1.0,0.0,0.0
0.0,0.0,0.0,0.0
0.0,0.0,0.0,0.0
1.0,1.0,0.0,0.0
0.0,0.0,0.0,0.0
0.0,0.0,0.0,0.0
0.0,0.0,0.0,0.0
0.0,0.0,0.0,0.0
0.0,0.0,0.0,0.0
0.0,0.0,0.0,0.0
0.0,0.0,0.0,0.0
1.0,1.0,1.0,1.0
0.0,0.0,0.0,0.0
0.0,0.0,0.0,0.0
0.0,0.0,1.0,1.0
1.0,1.0,1.0,1.0
0.0,0.0,0.0,0.0
0.0,0.0,0.0,0.0
0.0,0.0,0.0,0.0
0.0,0.0,0.0,0.0
1.0,1.0,0.0,0.0
1.0,1.0,1.0,1.0
0.0,0.0,0.0,0.0
0.0,1.0,0.0,0.0
0.0,0.0,0.0,0.0
0.0,0.0,0.0,0.0
0.0,0.0,0.0,0.0
1.0,1.0,1.0,1.0
0.0,0.0,0.0,0.0
0.0,0.0,0.0,0.0
0.0,0.0,0.0,0.0
0.0,0.0,0.0,0.0
0.0,0.0,0.0,0.0
0.0,0.0,0.0,0.0
0.0,0.0,0.0,0.0
0.0,0.0,0.0,0.0
0.0,0.0,0.0,0.0
0.0,0.0,0.0,0.0
1.0,1.0,1.0,1.0
0.0,1.0,1.0,1.0
1.0,1.0,1.0,1.0
0.0,0.0,0.0,0.0
0.0,0.0,0.0,0.0
0.0,0.0,0.0,0.0
1.0,1.0,1.0,1.0
1.0,1.0,0.0,0.0
1.0,1.0,0.0,0.0
0.0,0.0,0.0,0.0
0.0,0.0,0.0,0.0
0.0,0.0,0.0,0.0
1.0,1.0,0.0,0.0
0.0,0.0,0.0,0.0
0.0,0.0,0.0,0.0
0.0,0.0,0.0,0.0
0.0,0.0,1.0,1.0
0.0,0.0,1.0,1.0
0.0,0.0,0.0,0.0
0.0,0.0,0.0,0.0
1.0,1.0,1.0,1.0
1.0,1.0,0.0,0.0
0.0,0.0,0.0,0.0
0.0,0.0,0.0,0.0
1.0,1.0,1.0,1.0
0.0,1.0,0.0,0.0
0.0,0.0,0.0,0.0
0.0,0.0,0.0,0.0
1.0,1.0,1.0,1.0
1.0,1.0,1.0,1.0
0.0,0.0,0.0,0.0
1.0,1.0,0.0,0.0
1.0,1.0,1.0,1.0
0.0,1.0,0.0,0.0
0.0,0.0,0.0,0.0
0.0,1.0,0.0,0.0
1.0,1.0,0.0,0.0
0.0,1.0,1.0,1.0
0.0,0.0,0.0,0.0
0.0,0.0,0.0,0.0
0.0,0.0,0.0,0.0
1.0,1.0,1.0,1.0
0.0,0.0,0.0,0.0
1.0,1.0,1.0,1.0
0.0,0.0,0.0,0.0
0.0,0.0,0.0,0.0
0.0,0.0,0.0,0.0
0.0,0.0,0.0,0.0
1.0,1.0,0.0,0.0
1.0,1.0,1.0,1.0
0.0,0.0,0.0,0.0
0.0,0.0,0.0,0.0
0.0,0.0,0.0,0.0
0.0,0.0,0.0,0.0
0.0,0.0,0.0,0.0
1.0,1.0,1.0,1.0
0.0,0.0,1.0,1.0
1.0,1.0,0.0,0.0
0.0,0.0,1.0,1.0
0.0,0.0,0.0,0.0
0.0,0.0,0.0,0.0
0.0,0.0,1.0,1.0
1.0,1.0,0.0,0.0
0.0,0.0,0.0,0.0
0.0,0.0,1.0,1.0
0.0,0.0,0.0,0.0
0.0,0.0,0.0,0.0
0.0,0.0,0.0,0.0
1.0,1.0,1.0,1.0
0.0,0.0,0.0,0.0
0.0,0.0,0.0,0.0
1.0,1.0,1.0,1.0
1.0,1.0,0.0,0.0
0.0,0.0,0.0,0.0
0.0,0.0,1.0,1.0
0.0,0.0,0.0,0.0
0.0,0.0,0.0,0.0
0.0,0.0,0.0,0.0
0.0,0.0,0.0,0.0
0.0,0.0,0.0,0.0
0.0,0.0,0.0,0.0
0.0,0.0,0.0,0.0
1.0,1.0,1.0,1.0
0.0,0.0,0.0,0.0
1.0,1.0,1.0,1.0
0.0,0.0,0.0,0.0
1.0,1.0,1.0,1.0
0.0,0.0,0.0,0.0
1.0,1.0,1.0,1.0
0.0,0.0,0.0,0.0
0.0,0.0,0.0,0.0
0.0,0.0,0.0,0.0
0.0,0.0,0.0,0.0
0.0,0.0,0.0,0.0
0.0,0.0,0.0,0.0
1.0,1.0,1.0,1.0
0.0,0.0,1.0,1.0
1.0,1.0,0.0,0.0
0.0,0.0,0.0,0.0
0.0,0.0,0.0,0.0
1.0,1.0,0.0,0.0
0.0,0.0,0.0,0.0
0.0,1.0,1.0,1.0
0.0,0.0,1.0,1.0
0.0,0.0,1.0,1.0
0.0,0.0,0.0,0.0
1.0,1.0,1.0,1.0
1.0,1.0,1.0,1.0
1.0,1.0,0.0,0.0
0.0,0.0,0.0,0.0
1.0,1.0,1.0,1.0
0.0,0.0,0.0,0.0
0.0,0.0,0.0,0.0
0.0,0.0,0.0,0.0
1.0,1.0,1.0,1.0
0.0,0.0,0.0,0.0
0.0,0.0,0.0,0.0
0.0,0.0,0.0,0.0
0.0,0.0,0.0,0.0
0.0,0.0,0.0,0.0
0.0,0.0,1.0,1.0
1.0,1.0,1.0,1.0
0.0,0.0,0.0,0.0
1.0,1.0,1.0,1.0
1.0,1.0,0.0,0.0
0.0,0.0,0.0,0.0
1.0,1.0,0.0,0.0
0.0,0.0,0.0,0.0
0.0,1.0,1.0,1.0
0.0,0.0,0.0,0.0
1.0,1.0,1.0,1.0
0.0,0.0,1.0,1.0
1.0,1.0,1.0,1.0
0.0,0.0,0.0,0.0
0.0,1.0,1.0,1.0
0.0,0.0,0.0,0.0
0.0,0.0,0.0,0.0
0.0,0.0,0.0,0.0
0.0,0.0,0.0,0.0
0.0,0.0,1.0,1.0
0.0,0.0,0.0,0.0
0.0,1.0,1.0,1.0
0.0,0.0,0.0,0.0
0.0,0.0,1.0,1.0
0.0,0.0,0.0,0.0
0.0,0.0,1.0,1.0
1.0,1.0,1.0,1.0
0.0,0.0,0.0,0.0
0.0,0.0,1.0,1.0
0.0,0.0,1.0,1.0
0.0,0.0,0.0,0.0
0.0,0.0,0.0,0.0
1.0,1.0,1.0,1.0
1.0,1.0,1.0,1.0
0.0,0.0,0.0,0.0
0.0,0.0,0.0,0.0
0.0,0.0,0.0,0.0
0.0,0.0,0.0,0.0
0.0,0.0,0.0,0.0
0.0,0.0,0.0,0.0
0.0,0.0,0.0,0.0
0.0,0.0,0.0,0.0
1.0,1.0,1.0,1.0
0.0,0.0,0.0,0.0
1.0,1.0,0.0,0.0
1.0,1.0,0.0,0.0
0.0,0.0,0.0,0.0
0.0,0.0,0.0,0.0
1.0,1.0,1.0,1.0
0.0,0.0,0.0,0.0
0.0,0.0,0.0,0.0
0.0,0.0,0.0,0.0
0.0,0.0,0.0,0.0
0.0,0.0,0.0,0.0
0.0,0.0,0.0,0.0
0.0,0.0,0.0,0.0
0.0,0.0,0.0,0.0
1.0,1.0,1.0,1.0
1.0,1.0,1.0,1.0
0.0,0.0,1.0,1.0
0.0,0.0,0.0,0.0
0.0,0.0,0.0,0.0
0.0,0.0,0.0,0.0
1.0,1.0,1.0,1.0
0.0,0.0,0.0,0.0
0.0,0.0,0.0,0.0
0.0,0.0,1.0,1.0
0.0,0.0,0.0,0.0
0.0,0.0,0.0,0.0
0.0,0.0,0.0,0.0
0.0,0.0,0.0,0.0
0.0,0.0,0.0,0.0
0.0,0.0,0.0,0.0
1.0,1.0,0.0,0.0
0.0,0.0,0.0,0.0
0.0,0.0,0.0,0.0
0.0,0.0,0.0,0.0
0.0,1.0,0.0,0.0
0.0,0.0,0.0,0.0
1.0,1.0,0.0,0.0
0.0,0.0,0.0,0.0
0.0,0.0,0.0,0.0
0.0,0.0,1.0,1.0
0.0,0.0,0.0,0.0
0.0,0.0,0.0,0.0
0.0,0.0,0.0,0.0
0.0,0.0,1.0,1.0
0.0,0.0,0.0,0.0
0.0,0.0,0.0,0.0
1.0,1.0,0.0,0.0
0.0,0.0,0.0,0.0
0.0,0.0,0.0,0.0
0.0,0.0,0.0,0.0
0.0,0.0,0.0,0.0
0.0,0.0,0.0,0.0
0.0,0.0,0.0,0.0
0.0,0.0,0.0,0.0
0.0,1.0,0.0,0.0
0.0,0.0,0.0,0.0
0.0,0.0,0.0,0.0
0.0,0.0,0.0,0.0
0.0,0.0,0.0,0.0
1.0,1.0,0.0,0.0
0.0,0.0,0.0,0.0
0.0,0.0,0.0,0.0
0.0,0.0,0.0,0.0
0.0,0.0,0.0,0.0
0.0,0.0,0.0,0.0
0.0,0.0,0.0,1.0
0.0,0.0,0.0,0.0
0.0,0.0,0.0,0.0
0.0,1.0,1.0,1.0
1.0,1.0,1.0,1.0
0.0,0.0,1.0,1.0
0.0,0.0,0.0,0.0
0.0,0.0,1.0,1.0
0.0,0.0,1.0,1.0
0.0,0.0,0.0,0.0
0.0,0.0,0.0,0.0
0.0,0.0,1.0,0.0
0.0,0.0,0.0,0.0
0.0,0.0,1.0,0.0
0.0,0.0,0.0,0.0
1.0,1.0,0.0,0.0
0.0,0.0,0.0,0.0
1.0,1.0,1.0,1.0
1.0,1.0,1.0,1.0
0.0,1.0,1.0,1.0
0.0,1.0,1.0,1.0
0.0,0.0,0.0,0.0
0.0,0.0,0.0,0.0
0.0,0.0,0.0,0.0
0.0,0.0,0.0,0.0
0.0,0.0,0.0,0.0
0.0,0.0,0.0,0.0
0.0,0.0,0.0,0.0
0.0,1.0,1.0,1.0
0.0,0.0,0.0,0.0
0.0,0.0,1.0,1.0
0.0,0.0,0.0,0.0
0.0,0.0,0.0,0.0
0.0,0.0,0.0,0.0
0.0,0.0,0.0,0.0
0.0,0.0,0.0,0.0
0.0,0.0,0.0,0.0
0.0,0.0,0.0,0.0
1.0,1.0,1.0,1.0
0.0,0.0,0.0,0.0
0.0,1.0,1.0,1.0
0.0,0.0,1.0,1.0
0.0,0.0,0.0,0.0
0.0,1.0,0.0,0.0
0.0,0.0,0.0,0.0
1.0,1.0,1.0,1.0
0.0,0.0,1.0,1.0
0.0,1.0,1.0,1.0
1.0,1.0,0.0,0.0
0.0,0.0,0.0,0.0
0.0,0.0,0.0,0.0
0.0,0.0,0.0,0.0
1.0,1.0,1.0,1.0
0.0,0.0,1.0,1.0
0.0,0.0,0.0,0.0
0.0,0.0,0.0,0.0
0.0,0.0,0.0,0.0
0.0,0.0,0.0,0.0
0.0,0.0,0.0,0.0
0.0,0.0,0.0,0.0
0.0,0.0,0.0,0.0
1.0,1.0,1.0,1.0
1.0,1.0,1.0,1.0
0.0,0.0,0.0,0.0
0.0,0.0,0.0,0.0
1.0,1.0,0.0,0.0
0.0,0.0,0.0,0.0
0.0,0.0,0.0,0.0
0.0,0.0,0.0,0.0
0.0,0.0,1.0,1.0
0.0,0.0,0.0,0.0
0.0,0.0,0.0,0.0
0.0,0.0,0.0,0.0
0.0,0.0,0.0,0.0
0.0,0.0,0.0,0.0
0.0,0.0,0.0,0.0
0.0,0.0,0.0,0.0
1.0,1.0,0.0,0.0
1.0,1.0,0.0,0.0
0.0,0.0,0.0,0.0
1.0,1.0,1.0,1.0
0.0,0.0,1.0,1.0
0.0,0.0,0.0,0.0
0.0,0.0,0.0,0.0
0.0,0.0,0.0,0.0
0.0,0.0,0.0,0.0
0.0,0.0,0.0,0.0
0.0,0.0,0.0,0.0
0.0,0.0,0.0,0.0
0.0,0.0,0.0,0.0
0.0,1.0,0.0,0.0
1.0,1.0,1.0,1.0
1.0,1.0,0.0,0.0
0.0,0.0,0.0,0.0
0.0,0.0,0.0,0.0
0.0,0.0,1.0,1.0
1.0,1.0,0.0,0.0
1.0,1.0,0.0,0.0
0.0,0.0,0.0,1.0
0.0,0.0,0.0,0.0
0.0,0.0,1.0,1.0
0.0,0.0,0.0,0.0
0.0,0.0,0.0,0.0
0.0,1.0,1.0,1.0
0.0,0.0,0.0,0.0
0.0,0.0,1.0,1.0
0.0,0.0,0.0,0.0
0.0,0.0,0.0,0.0
0.0,1.0,1.0,1.0
0.0,0.0,0.0,0.0
0.0,0.0,0.0,0.0
0.0,0.0,0.0,0.0
0.0,0.0,0.0,0.0
0.0,0.0,0.0,0.0
0.0,0.0,0.0,0.0
1.0,1.0,0.0,0.0
0.0,1.0,1.0,1.0
0.0,0.0,1.0,1.0
0.0,0.0,0.0,0.0
0.0,0.0,0.0,0.0
0.0,0.0,0.0,0.0
0.0,0.0,0.0,0.0
0.0,0.0,0.0,0.0
1.0,1.0,1.0,1.0
0.0,0.0,0.0,0.0
1.0,1.0,1.0,1.0
0.0,1.0,1.0,1.0
0.0,1.0,1.0,1.0
0.0,0.0,0.0,0.0
0.0,0.0,0.0,0.0
1.0,1.0,1.0,1.0
1.0,1.0,1.0,1.0
1.0,1.0,0.0,1.0
0.0,0.0,0.0,0.0
1.0,1.0,0.0,0.0
1.0,1.0,1.0,1.0
0.0,0.0,0.0,0.0
0.0,0.0,0.0,0.0
1.0,1.0,1.0,1.0
0.0,0.0,1.0,1.0
0.0,1.0,0.0,0.0
0.0,1.0,1.0,1.0
0.0,0.0,0.0,0.0
0.0,0.0,0.0,0.0
0.0,1.0,0.0,0.0
1.0,1.0,1.0,1.0
0.0,0.0,0.0,0.0
0.0,0.0,0.0,0.0
0.0,0.0,0.0,0.0
0.0,0.0,0.0,0.0
0.0,0.0,0.0,0.0
0.0,0.0,1.0,1.0
1.0,1.0,0.0,0.0
0.0,0.0,1.0,1.0
0.0,0.0,0.0,0.0
0.0,1.0,1.0,1.0
1.0,1.0,1.0,1.0
0.0,0.0,0.0,0.0
0.0,0.0,0.0,0.0
0.0,0.0,0.0,0.0
0.0,0.0,0.0,0.0
0.0,0.0,0.0,0.0
0.0,0.0,1.0,1.0
0.0,0.0,0.0,0.0
1.0,1.0,1.0,1.0
0.0,0.0,1.0,1.0
0.0,0.0,0.0,0.0
1.0,1.0,1.0,1.0
1.0,1.0,0.0,0.0
0.0,0.0,0.0,0.0
0.0,1.0,1.0,1.0
0.0,0.0,0.0,0.0
0.0,0.0,0.0,0.0
1.0,1.0,1.0,1.0
1.0,1.0,1.0,1.0
0.0,0.0,0.0,0.0
0.0,0.0,0.0,0.0
0.0,0.0,0.0,0.0
0.0,0.0,1.0,1.0
0.0,0.0,0.0,0.0
0.0,0.0,0.0,0.0
0.0,1.0,1.0,1.0
0.0,0.0,0.0,0.0
1.0,1.0,0.0,0.0
0.0,0.0,0.0,0.0
0.0,0.0,1.0,1.0
1.0,1.0,0.0,0.0
0.0,0.0,0.0,0.0
0.0,0.0,0.0,0.0
0.0,0.0,0.0,0.0
1.0,1.0,0.0,0.0
1.0,1.0,1.0,1.0
1.0,1.0,1.0,1.0
0.0,0.0,0.0,0.0
0.0,0.0,0.0,0.0
0.0,0.0,0.0,0.0
0.0,0.0,0.0,0.0
0.0,0.0,0.0,0.0
0.0,0.0,0.0,0.0
0.0,0.0,0.0,0.0
0.0,0.0,0.0,0.0
1.0,1.0,0.0,0.0
0.0,0.0,0.0,0.0
1.0,1.0,1.0,1.0
0.0,0.0,0.0,0.0
0.0,0.0,0.0,0.0
1.0,1.0,0.0,0.0
0.0,1.0,1.0,1.0
0.0,0.0,0.0,0.0
0.0,1.0,1.0,1.0
0.0,0.0,0.0,0.0
0.0,0.0,0.0,0.0
0.0,0.0,0.0,0.0
0.0,0.0,0.0,0.0
0.0,0.0,0.0,0.0
0.0,0.0,0.0,0.0
0.0,0.0,0.0,0.0
0.0,0.0,0.0,0.0
0.0,0.0,0.0,0.0
0.0,0.0,0.0,0.0
0.0,0.0,0.0,0.0
0.0,0.0,0.0,0.0
1.0,1.0,1.0,1.0
0.0,0.0,0.0,0.0
0.0,0.0,0.0,0.0
1.0,1.0,0.0,0.0
0.0,0.0,0.0,0.0
0.0,0.0,0.0,0.0
0.0,0.0,0.0,0.0
1.0,1.0,1.0,1.0
0.0,0.0,0.0,0.0
0.0,0.0,1.0,1.0
0.0,0.0,1.0,1.0
0.0,0.0,0.0,0.0
0.0,0.0,0.0,0.0
0.0,0.0,0.0,0.0
0.0,0.0,0.0,0.0
0.0,0.0,1.0,1.0
0.0,0.0,0.0,0.0
0.0,1.0,0.0,0.0
0.0,0.0,0.0,0.0
0.0,0.0,0.0,0.0
1.0,1.0,0.0,0.0
0.0,0.0,0.0,0.0
0.0,0.0,0.0,0.0
0.0,0.0,0.0,0.0
0.0,0.0,0.0,0.0
0.0,1.0,1.0,1.0
0.0,0.0,0.0,0.0
0.0,0.0,0.0,0.0
0.0,0.0,0.0,0.0
0.0,0.0,0.0,0.0
0.0,0.0,0.0,0.0
0.0,0.0,1.0,1.0
0.0,0.0,0.0,0.0
0.0,0.0,0.0,0.0
0.0,0.0,0.0,0.0
1.0,1.0,1.0,1.0
0.0,0.0,1.0,1.0
0.0,0.0,1.0,1.0
0.0,0.0,1.0,1.0
0.0,0.0,0.0,0.0
0.0,0.0,0.0,0.0
0.0,0.0,0.0,0.0
0.0,0.0,0.0,0.0
0.0,0.0,0.0,0.0
0.0,0.0,0.0,0.0
0.0,0.0,0.0,0.0
0.0,0.0,1.0,0.0
0.0,0.0,0.0,0.0
0.0,0.0,0.0,0.0
0.0,0.0,0.0,0.0
0.0,0.0,0.0,0.0
0.0,0.0,0.0,0.0
0.0,0.0,0.0,0.0
0.0,0.0,0.0,0.0
0.0,0.0,0.0,0.0
1.0,1.0,1.0,1.0
0.0,1.0,1.0,1.0
0.0,0.0,0.0,0.0
0.0,0.0,0.0,0.0
0.0,0.0,0.0,0.0
0.0,0.0,0.0,0.0
1.0,1.0,0.0,0.0
0.0,0.0,0.0,0.0
0.0,1.0,0.0,0.0
1.0,1.0,0.0,0.0
0.0,0.0,0.0,0.0
0.0,0.0,0.0,0.0
0.0,0.0,1.0,1.0
0.0,0.0,0.0,0.0
0.0,0.0,0.0,0.0
0.0,0.0,0.0,0.0
0.0,0.0,0.0,0.0
0.0,0.0,0.0,0.0
0.0,0.0,0.0,0.0
0.0,0.0,0.0,0.0
0.0,0.0,0.0,0.0
0.0,0.0,0.0,1.0
0.0,0.0,0.0,0.0
0.0,0.0,0.0,0.0
0.0,0.0,1.0,1.0
0.0,0.0,0.0,0.0
0.0,1.0,0.0,0.0
0.0,0.0,0.0,0.0
0.0,0.0,0.0,0.0
0.0,0.0,0.0,0.0
0.0,0.0,0.0,0.0
0.0,0.0,0.0,0.0
0.0,0.0,0.0,0.0
0.0,0.0,0.0,0.0
0.0,0.0,1.0,1.0
0.0,0.0,0.0,0.0
0.0,0.0,0.0,0.0
0.0,0.0,0.0,0.0
1.0,1.0,1.0,1.0
0.0,0.0,0.0,0.0
0.0,0.0,0.0,0.0
0.0,0.0,0.0,0.0
0.0,0.0,0.0,0.0
0.0,1.0,0.0,0.0
0.0,0.0,0.0,0.0
0.0,0.0,1.0,1.0
0.0,0.0,0.0,0.0
0.0,0.0,0.0,0.0
0.0,0.0,0.0,0.0
0.0,0.0,0.0,0.0
1.0,1.0,1.0,1.0
0.0,1.0,0.0,0.0
0.0,1.0,1.0,1.0
0.0,0.0,0.0,0.0
0.0,0.0,0.0,0.0
0.0,0.0,0.0,0.0
0.0,0.0,0.0,0.0
0.0,0.0,0.0,0.0
0.0,0.0,0.0,0.0
0.0,0.0,0.0,0.0
0.0,0.0,0.0,0.0
1.0,1.0,1.0,1.0
0.0,0.0,0.0,0.0
1.0,1.0,1.0,1.0
0.0,0.0,0.0,0.0
0.0,0.0,0.0,0.0
0.0,0.0,0.0,0.0
0.0,0.0,0.0,0.0
0.0,0.0,0.0,0.0
0.0,0.0,0.0,0.0
0.0,0.0,0.0,0.0
0.0,0.0,0.0,0.0
0.0,0.0,0.0,0.0
0.0,0.0,0.0,0.0
1.0,1.0,1.0,1.0
0.0,0.0,0.0,0.0
0.0,0.0,0.0,0.0
0.0,0.0,0.0,0.0
0.0,0.0,0.0,0.0
0.0,0.0,0.0,0.0
0.0,0.0,0.0,0.0
0.0,0.0,1.0,1.0
0.0,0.0,0.0,0.0
0.0,0.0,0.0,0.0
0.0,1.0,0.0,0.0
0.0,1.0,1.0,1.0
1.0,1.0,0.0,0.0
0.0,0.0,1.0,1.0
0.0,0.0,1.0,1.0
0.0,0.0,0.0,0.0
0.0,0.0,0.0,0.0
0.0,0.0,0.0,0.0
0.0,0.0,1.0,1.0
0.0,0.0,0.0,0.0
0.0,0.0,0.0,0.0
0.0,0.0,1.0,1.0
0.0,1.0,0.0,1.0
0.0,0.0,0.0,0.0
0.0,0.0,0.0,0.0
0.0,0.0,0.0,0.0
0.0,0.0,0.0,0.0
0.0,0.0,0.0,0.0
0.0,0.0,0.0,0.0
0.0,0.0,0.0,0.0
0.0,0.0,0.0,0.0
0.0,0.0,0.0,0.0
0.0,0.0,0.0,0.0
0.0,0.0,1.0,1.0
0.0,0.0,0.0,0.0
1.0,1.0,1.0,1.0
1.0,1.0,1.0,1.0
0.0,0.0,0.0,0.0
0.0,0.0,0.0,0.0
0.0,0.0,0.0,0.0
0.0,0.0,0.0,0.0
0.0,0.0,1.0,1.0
0.0,0.0,0.0,0.0
0.0,0.0,0.0,0.0
0.0,0.0,1.0,0.0
0.0,0.0,0.0,0.0
0.0,0.0,0.0,0.0
0.0,0.0,0.0,0.0
0.0,0.0,1.0,0.0
0.0,0.0,0.0,0.0
0.0,0.0,0.0,0.0
0.0,0.0,1.0,1.0
0.0,0.0,0.0,0.0
1.0,1.0,1.0,1.0
0.0,0.0,0.0,0.0
1.0,1.0,1.0,1.0
0.0,0.0,1.0,0.0
0.0,1.0,0.0,0.0
0.0,0.0,0.0,0.0
1.0,1.0,1.0,1.0
0.0,1.0,1.0,1.0
0.0,0.0,0.0,0.0
0.0,0.0,0.0,0.0
0.0,0.0,0.0,0.0
0.0,0.0,0.0,0.0
0.0,0.0,0.0,0.0
0.0,0.0,0.0,0.0
0.0,0.0,0.0,0.0
0.0,0.0,0.0,0.0
0.0,0.0,0.0,0.0
0.0,0.0,0.0,0.0
0.0,0.0,0.0,0.0
0.0,0.0,0.0,0.0
1.0,1.0,1.0,1.0
0.0,0.0,0.0,0.0
0.0,0.0,1.0,1.0
1.0,1.0,1.0,0.0
0.0,0.0,0.0,0.0
1.0,1.0,1.0,1.0
0.0,0.0,0.0,0.0
0.0,0.0,0.0,0.0
0.0,0.0,0.0,0.0
0.0,0.0,0.0,0.0
0.0,0.0,1.0,1.0
0.0,0.0,1.0,1.0
0.0,0.0,0.0,0.0
1.0,1.0,0.0,0.0
0.0,1.0,1.0,1.0
0.0,0.0,0.0,0.0
0.0,0.0,0.0,0.0
0.0,0.0,0.0,0.0
0.0,0.0,0.0,0.0
0.0,0.0,0.0,0.0
0.0,0.0,0.0,0.0
0.0,0.0,0.0,0.0
0.0,0.0,0.0,0.0
0.0,0.0,0.0,0.0
0.0,0.0,0.0,0.0
0.0,0.0,0.0,0.0
1.0,1.0,1.0,1.0
1.0,1.0,0.0,0.0
0.0,0.0,0.0,0.0
0.0,0.0,0.0,0.0
0.0,0.0,0.0,0.0
0.0,0.0,0.0,0.0
0.0,0.0,0.0,0.0
1.0,1.0,1.0,1.0
1.0,1.0,0.0,0.0
0.0,0.0,0.0,0.0
0.0,0.0,0.0,0.0
0.0,0.0,0.0,0.0
0.0,0.0,0.0,0.0
0.0,0.0,0.0,0.0
0.0,0.0,0.0,0.0
1.0,1.0,1.0,1.0
1.0,1.0,1.0,1.0
0.0,0.0,0.0,0.0
1.0,1.0,0.0,0.0
0.0,0.0,1.0,1.0
1.0,1.0,1.0,1.0
0.0,0.0,0.0,0.0
1.0,1.0,0.0,0.0
0.0,0.0,0.0,0.0
0.0,0.0,0.0,0.0
0.0,0.0,0.0,0.0
0.0,0.0,0.0,0.0
0.0,0.0,0.0,0.0
0.0,0.0,0.0,0.0
0.0,0.0,0.0,0.0
0.0,0.0,1.0,1.0
0.0,0.0,0.0,0.0
0.0,1.0,0.0,0.0
1.0,1.0,0.0,0.0
0.0,0.0,0.0,0.0
0.0,0.0,0.0,0.0
0.0,0.0,0.0,0.0
0.0,0.0,0.0,0.0
1.0,1.0,1.0,1.0
0.0,0.0,0.0,0.0
1.0,1.0,1.0,1.0
0.0,0.0,1.0,1.0
0.0,0.0,0.0,0.0
0.0,0.0,0.0,0.0
1.0,1.0,0.0,0.0
1.0,1.0,1.0,1.0
1.0,1.0,1.0,1.0
1.0,1.0,1.0,1.0
0.0,0.0,0.0,0.0
0.0,0.0,0.0,0.0
0.0,0.0,0.0,0.0
0.0,0.0,0.0,0.0
0.0,0.0,1.0,1.0
0.0,0.0,0.0,0.0
0.0,0.0,0.0,0.0
0.0,0.0,0.0,0.0
0.0,1.0,0.0,0.0
0.0,0.0,1.0,1.0
0.0,0.0,0.0,0.0
0.0,0.0,0.0,0.0
0.0,0.0,1.0,1.0
1.0,1.0,0.0,0.0
0.0,0.0,0.0,0.0
0.0,1.0,1.0,1.0
1.0,1.0,0.0,0.0
1.0,1.0,0.0,0.0
1.0,1.0,1.0,1.0
1.0,1.0,0.0,0.0
0.0,0.0,0.0,0.0
0.0,1.0,1.0,1.0
0.0,0.0,0.0,0.0
1.0,1.0,0.0,0.0
0.0,0.0,0.0,0.0
0.0,0.0,0.0,0.0
1.0,1.0,1.0,1.0
0.0,0.0,0.0,0.0
0.0,0.0,0.0,0.0
0.0,0.0,0.0,0.0
0.0,0.0,0.0,0.0
0.0,0.0,0.0,0.0
0.0,0.0,0.0,0.0
0.0,0.0,0.0,0.0
0.0,0.0,0.0,0.0
1.0,1.0,1.0,0.0
0.0,1.0,1.0,1.0
0.0,0.0,0.0,0.0
0.0,0.0,0.0,0.0
0.0,0.0,1.0,1.0
0.0,0.0,0.0,0.0
0.0,0.0,0.0,0.0
0.0,0.0,0.0,0.0
0.0,0.0,0.0,0.0
0.0,1.0,1.0,1.0
0.0,0.0,0.0,0.0
0.0,0.0,1.0,1.0
0.0,0.0,0.0,0.0
0.0,0.0,0.0,0.0
1.0,1.0,0.0,0.0
0.0,0.0,0.0,0.0
0.0,0.0,0.0,0.0
0.0,0.0,0.0,0.0
0.0,0.0,0.0,0.0
0.0,0.0,1.0,1.0
0.0,0.0,0.0,0.0
0.0,0.0,1.0,1.0
0.0,0.0,0.0,0.0
0.0,0.0,0.0,0.0
0.0,0.0,0.0,0.0
1.0,1.0,1.0,1.0
0.0,0.0,0.0,1.0
0.0,0.0,0.0,0.0
0.0,0.0,0.0,0.0
0.0,0.0,0.0,0.0
0.0,0.0,0.0,0.0
0.0,0.0,0.0,0.0
0.0,1.0,1.0,1.0
0.0,0.0,0.0,0.0
0.0,0.0,0.0,0.0
0.0,0.0,0.0,0.0
0.0,0.0,0.0,0.0
0.0,0.0,0.0,0.0
0.0,0.0,0.0,0.0
1.0,1.0,1.0,1.0
0.0,0.0,0.0,0.0
0.0,0.0,0.0,0.0
0.0,0.0,0.0,0.0
0.0,0.0,0.0,0.0
0.0,0.0,0.0,0.0
1.0,1.0,1.0,1.0
0.0,0.0,0.0,0.0
0.0,0.0,0.0,0.0
0.0,0.0,0.0,0.0
0.0,0.0,0.0,0.0
0.0,0.0,0.0,0.0
0.0,0.0,0.0,0.0
1.0,1.0,1.0,1.0
0.0,0.0,0.0,0.0
0.0,0.0,0.0,0.0
1.0,1.0,1.0,1.0
0.0,1.0,0.0,0.0
0.0,0.0,0.0,0.0
0.0,0.0,0.0,0.0
0.0,0.0,0.0,0.0
0.0,0.0,0.0,0.0
0.0,0.0,0.0,0.0
0.0,0.0,0.0,0.0
0.0,0.0,0.0,0.0
0.0,0.0,0.0,0.0
0.0,0.0,0.0,0.0
0.0,1.0,1.0,1.0
0.0,0.0,0.0,0.0
0.0,0.0,0.0,0.0
0.0,0.0,0.0,0.0
1.0,1.0,1.0,1.0
0.0,0.0,0.0,0.0
0.0,0.0,0.0,0.0
0.0,1.0,0.0,0.0
1.0,1.0,0.0,0.0
0.0,0.0,0.0,0.0
0.0,0.0,0.0,0.0
0.0,0.0,0.0,0.0
0.0,0.0,0.0,0.0
0.0,0.0,0.0,0.0
0.0,0.0,0.0,0.0
0.0,0.0,0.0,0.0
0.0,0.0,0.0,0.0
0.0,0.0,1.0,1.0
0.0,0.0,0.0,0.0
0.0,0.0,0.0,0.0
0.0,0.0,1.0,1.0
0.0,0.0,1.0,1.0
0.0,0.0,0.0,0.0
0.0,0.0,0.0,0.0
1.0,1.0,0.0,0.0
0.0,0.0,0.0,0.0
0.0,0.0,0.0,0.0
1.0,1.0,1.0,1.0
0.0,0.0,0.0,0.0
0.0,0.0,0.0,0.0
0.0,0.0,1.0,1.0
0.0,0.0,0.0,0.0
0.0,0.0,0.0,0.0
1.0,1.0,0.0,0.0
0.0,0.0,0.0,0.0
0.0,0.0,1.0,1.0
0.0,0.0,0.0,0.0
0.0,0.0,1.0,0.0
0.0,0.0,0.0,0.0
0.0,0.0,1.0,1.0
0.0,0.0,0.0,0.0
0.0,0.0,0.0,0.0
0.0,0.0,1.0,1.0
0.0,0.0,0.0,0.0
0.0,0.0,0.0,1.0
1.0,1.0,1.0,1.0
1.0,1.0,1.0,1.0
1.0,1.0,0.0,0.0
0.0,0.0,0.0,0.0
0.0,1.0,0.0,0.0
0.0,0.0,0.0,0.0
1.0,1.0,0.0,0.0
0.0,0.0,1.0,1.0
0.0,1.0,0.0,0.0
1.0,1.0,0.0,0.0
0.0,0.0,0.0,0.0
1.0,1.0,1.0,1.0
0.0,0.0,0.0,0.0
0.0,0.0,0.0,0.0
0.0,0.0,0.0,0.0
0.0,0.0,0.0,0.0
0.0,0.0,0.0,0.0
0.0,0.0,0.0,0.0
0.0,0.0,1.0,1.0
0.0,0.0,0.0,0.0
0.0,0.0,0.0,0.0
0.0,0.0,0.0,0.0
0.0,0.0,0.0,0.0
0.0,0.0,0.0,0.0
0.0,0.0,1.0,1.0
0.0,0.0,0.0,0.0
0.0,1.0,0.0,0.0
0.0,0.0,0.0,0.0
1.0,1.0,1.0,1.0
0.0,0.0,1.0,1.0
1.0,1.0,1.0,1.0
1.0,1.0,1.0,1.0
0.0,0.0,0.0,0.0
1.0,1.0,0.0,0.0
1.0,1.0,1.0,1.0
0.0,0.0,0.0,0.0
0.0,0.0,1.0,1.0
0.0,0.0,0.0,0.0
0.0,0.0,0.0,0.0
1.0,1.0,1.0,1.0
1.0,1.0,1.0,1.0
0.0,0.0,0.0,0.0
0.0,0.0,0.0,0.0
0.0,0.0,1.0,1.0
0.0,0.0,0.0,0.0
1.0,1.0,0.0,0.0
0.0,1.0,1.0,1.0
0.0,0.0,0.0,0.0
1.0,1.0,0.0,0.0
0.0,0.0,0.0,0.0
1.0,1.0,0.0,0.0
0.0,0.0,0.0,0.0
0.0,0.0,0.0,0.0
0.0,0.0,0.0,0.0
0.0,0.0,0.0,0.0
0.0,0.0,0.0,0.0
0.0,0.0,0.0,0.0
1.0,1.0,0.0,0.0
0.0,0.0,0.0,0.0
1.0,1.0,0.0,0.0
0.0,0.0,0.0,0.0
0.0,0.0,0.0,1.0
0.0,0.0,0.0,0.0
0.0,0.0,0.0,0.0
0.0,0.0,0.0,0.0
0.0,0.0,0.0,0.0
0.0,0.0,0.0,0.0
1.0,1.0,1.0,1.0
0.0,0.0,0.0,0.0
1.0,1.0,0.0,0.0
0.0,0.0,0.0,0.0
1.0,1.0,1.0,1.0
0.0,0.0,1.0,1.0
0.0,0.0,0.0,0.0
0.0,0.0,0.0,0.0
0.0,0.0,0.0,0.0
0.0,0.0,1.0,1.0
1.0,1.0,0.0,0.0
0.0,1.0,1.0,1.0
0.0,0.0,0.0,0.0
0.0,0.0,1.0,1.0
0.0,0.0,0.0,0.0
0.0,0.0,0.0,0.0
0.0,0.0,0.0,0.0
1.0,1.0,0.0,0.0
0.0,0.0,0.0,0.0
0.0,0.0,0.0,0.0
0.0,0.0,0.0,0.0
0.0,0.0,0.0,0.0
0.0,0.0,0.0,0.0
0.0,0.0,0.0,0.0
0.0,0.0,0.0,0.0
0.0,0.0,0.0,0.0
0.0,0.0,0.0,0.0
0.0,0.0,0.0,0.0
0.0,0.0,0.0,0.0
0.0,0.0,0.0,0.0
0.0,0.0,0.0,0.0
1.0,1.0,1.0,1.0
0.0,0.0,0.0,1.0
0.0,0.0,0.0,0.0
0.0,0.0,0.0,0.0
0.0,0.0,0.0,0.0
0.0,1.0,1.0,1.0
0.0,0.0,0.0,0.0
0.0,0.0,0.0,0.0
0.0,0.0,0.0,0.0
0.0,0.0,0.0,0.0
0.0,0.0,0.0,0.0
0.0,0.0,0.0,0.0
0.0,0.0,0.0,0.0
0.0,0.0,0.0,0.0
0.0,0.0,0.0,0.0
0.0,0.0,1.0,1.0
0.0,0.0,0.0,0.0
1.0,1.0,0.0,0.0
1.0,1.0,1.0,1.0
0.0,0.0,0.0,0.0
1.0,1.0,0.0,0.0
0.0,0.0,0.0,0.0
0.0,0.0,0.0,0.0
0.0,0.0,0.0,0.0
0.0,0.0,0.0,0.0
0.0,0.0,0.0,0.0
0.0,0.0,1.0,1.0
0.0,0.0,0.0,0.0
0.0,0.0,0.0,0.0
0.0,0.0,0.0,0.0
1.0,1.0,1.0,1.0
0.0,1.0,1.0,1.0
0.0,0.0,0.0,0.0
0.0,0.0,1.0,1.0
0.0,0.0,0.0,0.0
0.0,0.0,1.0,1.0
0.0,0.0,0.0,0.0
0.0,0.0,0.0,0.0
0.0,0.0,0.0,0.0
0.0,0.0,0.0,0.0
0.0,0.0,0.0,0.0
0.0,0.0,0.0,0.0
0.0,0.0,0.0,0.0
0.0,0.0,0.0,0.0
0.0,0.0,1.0,1.0
0.0,0.0,0.0,0.0
0.0,0.0,0.0,0.0
0.0,0.0,1.0,1.0
0.0,0.0,0.0,0.0
0.0,0.0,0.0,0.0
0.0,0.0,0.0,0.0
0.0,0.0,0.0,0.0
1.0,1.0,0.0,0.0
1.0,1.0,0.0,0.0
0.0,0.0,0.0,0.0
1.0,1.0,0.0,0.0
0.0,0.0,0.0,0.0
0.0,1.0,1.0,1.0
0.0,1.0,0.0,0.0
0.0,0.0,0.0,0.0
0.0,0.0,0.0,0.0
0.0,0.0,0.0,0.0
0.0,0.0,0.0,0.0
0.0,1.0,1.0,1.0
0.0,0.0,0.0,0.0
0.0,0.0,0.0,0.0
0.0,0.0,0.0,0.0
0.0,0.0,0.0,0.0
0.0,0.0,0.0,0.0
0.0,0.0,0.0,0.0
0.0,0.0,0.0,0.0
0.0,1.0,0.0,0.0
0.0,0.0,0.0,0.0
0.0,0.0,1.0,1.0
1.0,1.0,0.0,0.0
1.0,1.0,1.0,1.0
0.0,0.0,0.0,0.0
0.0,0.0,0.0,0.0
0.0,0.0,0.0,0.0
0.0,0.0,0.0,0.0
0.0,0.0,1.0,1.0
0.0,0.0,0.0,0.0
1.0,1.0,1.0,1.0
0.0,0.0,0.0,0.0
1.0,1.0,1.0,1.0
0.0,0.0,1.0,1.0
0.0,0.0,0.0,0.0
0.0,0.0,0.0,0.0
0.0,0.0,0.0,0.0
0.0,0.0,0.0,0.0
0.0,0.0,0.0,0.0
0.0,0.0,0.0,1.0
0.0,0.0,0.0,0.0
0.0,0.0,0.0,0.0
0.0,0.0,0.0,0.0
0.0,0.0,0.0,0.0
0.0,0.0,0.0,0.0
0.0,0.0,1.0,1.0
0.0,0.0,0.0,0.0
0.0,0.0,0.0,0.0
0.0,0.0,0.0,0.0
0.0,0.0,0.0,0.0
0.0,0.0,1.0,1.0
0.0,0.0,0.0,0.0
0.0,0.0,1.0,1.0
0.0,0.0,0.0,0.0
0.0,0.0,0.0,0.0
0.0,0.0,0.0,0.0
0.0,0.0,0.0,0.0
0.0,0.0,0.0,0.0
0.0,1.0,1.0,0.0
1.0,1.0,1.0,1.0
0.0,0.0,0.0,0.0
1.0,1.0,0.0,0.0
0.0,0.0,0.0,0.0
0.0,0.0,0.0,0.0
0.0,0.0,0.0,0.0
0.0,0.0,0.0,0.0
0.0,0.0,1.0,1.0
0.0,0.0,0.0,0.0
0.0,0.0,0.0,0.0
0.0,0.0,0.0,0.0
0.0,0.0,0.0,0.0
0.0,0.0,0.0,0.0
0.0,0.0,0.0,0.0
0.0,0.0,0.0,0.0
0.0,0.0,0.0,0.0
0.0,0.0,0.0,0.0
0.0,0.0,0.0,0.0
0.0,0.0,0.0,0.0
0.0,0.0,0.0,0.0
0.0,0.0,0.0,0.0
0.0,0.0,0.0,0.0
0.0,0.0,0.0,0.0
1.0,1.0,1.0,1.0
0.0,0.0,0.0,0.0
0.0,1.0,1.0,1.0
0.0,0.0,1.0,1.0
0.0,0.0,0.0,0.0
0.0,0.0,0.0,0.0
1.0,1.0,1.0,1.0
0.0,0.0,1.0,1.0
0.0,0.0,0.0,0.0
0.0,0.0,0.0,0.0
0.0,0.0,0.0,0.0
0.0,0.0,0.0,0.0
0.0,0.0,0.0,0.0
0.0,0.0,0.0,0.0
0.0,0.0,1.0,1.0
0.0,0.0,0.0,0.0
0.0,0.0,0.0,0.0
0.0,0.0,0.0,0.0
0.0,0.0,0.0,0.0
0.0,1.0,0.0,0.0
0.0,1.0,0.0,0.0
0.0,0.0,0.0,0.0
0.0,1.0,1.0,1.0
0.0,0.0,0.0,0.0
0.0,0.0,0.0,0.0
0.0,0.0,0.0,0.0
0.0,0.0,1.0,1.0
0.0,0.0,0.0,0.0
0.0,0.0,0.0,0.0
0.0,0.0,0.0,0.0
0.0,0.0,0.0,0.0
0.0,0.0,0.0,0.0
0.0,0.0,0.0,1.0
1.0,1.0,0.0,0.0
0.0,0.0,0.0,0.0
0.0,0.0,0.0,0.0
0.0,0.0,0.0,0.0
0.0,0.0,0.0,0.0
0.0,0.0,0.0,0.0
0.0,0.0,0.0,0.0
0.0,0.0,0.0,0.0
0.0,0.0,0.0,0.0
0.0,0.0,0.0,0.0
0.0,0.0,0.0,0.0
0.0,0.0,0.0,0.0
0.0,0.0,0.0,0.0
1.0,1.0,0.0,0.0
0.0,0.0,0.0,0.0
1.0,1.0,1.0,1.0
0.0,0.0,0.0,0.0
0.0,0.0,1.0,1.0
0.0,0.0,0.0,0.0
0.0,0.0,0.0,0.0
0.0,0.0,0.0,0.0
1.0,1.0,0.0,0.0
0.0,0.0,1.0,0.0
1.0,1.0,0.0,0.0
0.0,0.0,0.0,0.0
0.0,0.0,0.0,0.0
0.0,0.0,0.0,0.0
0.0,0.0,0.0,0.0
1.0,1.0,0.0,0.0
0.0,0.0,0.0,0.0
0.0,0.0,0.0,0.0
1.0,1.0,0.0,0.0
0.0,0.0,1.0,1.0
0.0,0.0,0.0,0.0
0.0,0.0,0.0,0.0
0.0,0.0,0.0,0.0
0.0,0.0,0.0,0.0
0.0,0.0,0.0,0.0
0.0,0.0,0.0,0.0
0.0,0.0,0.0,0.0
0.0,0.0,0.0,0.0
0.0,0.0,0.0,0.0
0.0,0.0,0.0,0.0
0.0,0.0,0.0,0.0
0.0,0.0,0.0,0.0
0.0,0.0,0.0,0.0
1.0,1.0,1.0,1.0
0.0,0.0,0.0,0.0
0.0,0.0,0.0,0.0
0.0,0.0,0.0,0.0
0.0,0.0,0.0,0.0
0.0,1.0,0.0,0.0
0.0,0.0,0.0,0.0
0.0,0.0,0.0,0.0
0.0,0.0,0.0,0.0
1.0,1.0,1.0,1.0
0.0,0.0,0.0,0.0
0.0,0.0,0.0,0.0
0.0,1.0,1.0,1.0
0.0,0.0,0.0,0.0
0.0,0.0,0.0,0.0
1.0,1.0,1.0,1.0
0.0,0.0,0.0,0.0
0.0,0.0,0.0,0.0
0.0,1.0,1.0,1.0
0.0,0.0,0.0,0.0
0.0,0.0,0.0,0.0
0.0,0.0,0.0,0.0
0.0,0.0,0.0,0.0
0.0,0.0,0.0,0.0
0.0,0.0,0.0,0.0
1.0,1.0,0.0,0.0
1.0,1.0,0.0,0.0
1.0,1.0,0.0,0.0
0.0,0.0,0.0,0.0
1.0,1.0,1.0,1.0
0.0,0.0,0.0,0.0
0.0,0.0,0.0,0.0
1.0,1.0,1.0,1.0
0.0,0.0,0.0,0.0
0.0,0.0,0.0,0.0
0.0,0.0,0.0,0.0
0.0,0.0,0.0,0.0
1.0,1.0,1.0,1.0
0.0,0.0,1.0,1.0
1.0,1.0,0.0,0.0
0.0,0.0,0.0,0.0
0.0,0.0,0.0,0.0
0.0,0.0,0.0,0.0
0.0,0.0,0.0,0.0
0.0,0.0,0.0,0.0
0.0,0.0,0.0,0.0
0.0,0.0,0.0,0.0
0.0,1.0,1.0,1.0
0.0,0.0,0.0,0.0
0.0,0.0,0.0,0.0
0.0,0.0,0.0,0.0
0.0,1.0,1.0,1.0
0.0,0.0,0.0,0.0
0.0,0.0,0.0,0.0
0.0,0.0,0.0,0.0
0.0,0.0,0.0,0.0
0.0,1.0,0.0,0.0
0.0,0.0,0.0,0.0
0.0,0.0,0.0,0.0
0.0,0.0,0.0,0.0
0.0,0.0,0.0,0.0
0.0,0.0,0.0,0.0
1.0,1.0,1.0,1.0
0.0,0.0,0.0,0.0
0.0,0.0,0.0,0.0
0.0,0.0,0.0,0.0
0.0,1.0,0.0,0.0
1.0,1.0,1.0,1.0
0.0,0.0,0.0,0.0
0.0,0.0,0.0,0.0
0.0,0.0,0.0,0.0
0.0,0.0,1.0,1.0
0.0,1.0,1.0,1.0
0.0,0.0,0.0,0.0
0.0,0.0,0.0,0.0
0.0,0.0,0.0,0.0
0.0,0.0,1.0,1.0
1.0,1.0,1.0,1.0
0.0,0.0,0.0,0.0
1.0,1.0,0.0,0.0
0.0,0.0,0.0,0.0
0.0,0.0,0.0,0.0
0.0,0.0,0.0,0.0
0.0,0.0,0.0,0.0
0.0,0.0,0.0,0.0
0.0,0.0,0.0,0.0
0.0,0.0,0.0,0.0
0.0,0.0,0.0,0.0
0.0,0.0,0.0,0.0
1.0,1.0,1.0,1.0
0.0,0.0,1.0,1.0
1.0,1.0,1.0,1.0
0.0,0.0,0.0,0.0
1.0,1.0,1.0,1.0
0.0,0.0,0.0,0.0
0.0,0.0,0.0,0.0
0.0,0.0,0.0,0.0
0.0,0.0,1.0,1.0
0.0,0.0,0.0,0.0
1.0,1.0,1.0,1.0
0.0,0.0,0.0,0.0
0.0,0.0,0.0,0.0
1.0,1.0,0.0,0.0
0.0,0.0,0.0,0.0
1.0,1.0,0.0,0.0
0.0,0.0,0.0,0.0
1.0,1.0,1.0,1.0
0.0,0.0,0.0,0.0
0.0,0.0,0.0,0.0
0.0,0.0,0.0,0.0
0.0,0.0,0.0,0.0
0.0,0.0,0.0,0.0
0.0,0.0,0.0,0.0
0.0,0.0,0.0,0.0
0.0,0.0,0.0,0.0
1.0,1.0,0.0,0.0
1.0,1.0,1.0,1.0
1.0,1.0,0.0,0.0
0.0,0.0,0.0,0.0
0.0,0.0,0.0,0.0
0.0,0.0,0.0,0.0
0.0,0.0,0.0,0.0
0.0,1.0,0.0,0.0
0.0,0.0,1.0,1.0
0.0,1.0,0.0,0.0
0.0,0.0,0.0,0.0
0.0,1.0,1.0,0.0
0.0,0.0,1.0,1.0
1.0,1.0,0.0,0.0
0.0,1.0,0.0,0.0
0.0,1.0,1.0,1.0
0.0,0.0,0.0,0.0
0.0,0.0,1.0,1.0
0.0,0.0,0.0,0.0
1.0,1.0,1.0,1.0
1.0,1.0,0.0,0.0
0.0,0.0,0.0,0.0
0.0,0.0,0.0,0.0
0.0,0.0,0.0,0.0
0.0,0.0,0.0,0.0
0.0,0.0,0.0,0.0
0.0,0.0,0.0,0.0
0.0,0.0,0.0,0.0
0.0,0.0,0.0,0.0
1.0,1.0,0.0,0.0
0.0,0.0,0.0,0.0
0.0,1.0,0.0,0.0
0.0,0.0,0.0,0.0
0.0,0.0,0.0,0.0
0.0,1.0,0.0,0.0
0.0,0.0,0.0,0.0
0.0,0.0,1.0,1.0
0.0,0.0,0.0,0.0
0.0,0.0,0.0,0.0
0.0,0.0,0.0,0.0
0.0,0.0,0.0,0.0
0.0,0.0,0.0,0.0
0.0,0.0,0.0,0.0
0.0,0.0,0.0,0.0
0.0,0.0,0.0,0.0
0.0,0.0,0.0,0.0
0.0,0.0,0.0,0.0
0.0,0.0,0.0,0.0
0.0,0.0,1.0,1.0
0.0,0.0,0.0,0.0
0.0,0.0,0.0,0.0
0.0,0.0,0.0,0.0
0.0,0.0,0.0,0.0
1.0,1.0,1.0,1.0
0.0,1.0,0.0,0.0
0.0,0.0,0.0,0.0
0.0,0.0,0.0,0.0
0.0,0.0,1.0,1.0
1.0,1.0,1.0,1.0
1.0,1.0,1.0,1.0
0.0,0.0,0.0,0.0
0.0,0.0,0.0,0.0
0.0,0.0,0.0,0.0
0.0,1.0,1.0,1.0
0.0,0.0,0.0,0.0
1.0,1.0,1.0,1.0
0.0,0.0,0.0,0.0
0.0,0.0,0.0,0.0
1.0,1.0,1.0,1.0
0.0,0.0,0.0,0.0
0.0,0.0,0.0,0.0
1.0,1.0,1.0,1.0
0.0,0.0,0.0,0.0
0.0,0.0,0.0,0.0
0.0,0.0,0.0,0.0
0.0,0.0,0.0,0.0
0.0,0.0,0.0,0.0
0.0,0.0,0.0,0.0
1.0,1.0,0.0,0.0
0.0,0.0,0.0,0.0
0.0,0.0,0.0,0.0
0.0,0.0,1.0,1.0
0.0,0.0,0.0,0.0
0.0,0.0,0.0,1.0
0.0,0.0,0.0,0.0
0.0,0.0,0.0,0.0
1.0,1.0,1.0,1.0
0.0,0.0,1.0,1.0
0.0,0.0,0.0,0.0
0.0,0.0,0.0,0.0
0.0,0.0,0.0,0.0
0.0,0.0,0.0,0.0
0.0,0.0,0.0,0.0
0.0,0.0,0.0,0.0
1.0,1.0,0.0,0.0
0.0,1.0,1.0,1.0
0.0,0.0,0.0,0.0
1.0,1.0,0.0,0.0
0.0,0.0,0.0,0.0
0.0,1.0,1.0,1.0
0.0,0.0,0.0,0.0
0.0,0.0,0.0,0.0
0.0,1.0,0.0,0.0
0.0,0.0,1.0,1.0
1.0,1.0,1.0,1.0
1.0,1.0,0.0,0.0
0.0,0.0,0.0,0.0
1.0,1.0,0.0,0.0
0.0,1.0,0.0,0.0
0.0,1.0,0.0,0.0
0.0,0.0,0.0,0.0
0.0,0.0,0.0,0.0
0.0,0.0,0.0,0.0
0.0,0.0,0.0,0.0
1.0,1.0,0.0,0.0
1.0,1.0,1.0,1.0
0.0,0.0,0.0,0.0
0.0,0.0,0.0,0.0
0.0,0.0,0.0,0.0
0.0,1.0,1.0,1.0
0.0,0.0,0.0,0.0
0.0,1.0,1.0,1.0
0.0,0.0,0.0,0.0
0.0,0.0,0.0,0.0
1.0,1.0,0.0,0.0
0.0,0.0,0.0,0.0
1.0,1.0,1.0,1.0
0.0,0.0,0.0,0.0
0.0,0.0,0.0,0.0
0.0,0.0,0.0,0.0
0.0,0.0,0.0,0.0
0.0,0.0,0.0,0.0
0.0,0.0,0.0,0.0
0.0,0.0,0.0,0.0
0.0,0.0,0.0,0.0
0.0,0.0,0.0,0.0
0.0,0.0,0.0,0.0
0.0,0.0,0.0,0.0
0.0,0.0,0.0,0.0
0.0,0.0,0.0,0.0
0.0,0.0,0.0,0.0
0.0,0.0,0.0,0.0
0.0,0.0,1.0,1.0
0.0,0.0,0.0,0.0
0.0,0.0,0.0,0.0
0.0,0.0,0.0,0.0
1.0,1.0,1.0,1.0
0.0,0.0,0.0,0.0
0.0,1.0,1.0,1.0
1.0,1.0,1.0,1.0
0.0,0.0,0.0,0.0
0.0,0.0,0.0,0.0
0.0,0.0,0.0,0.0
0.0,0.0,1.0,1.0
0.0,0.0,0.0,0.0
0.0,1.0,1.0,1.0
0.0,0.0,0.0,0.0
0.0,0.0,0.0,0.0
1.0,1.0,0.0,0.0
0.0,0.0,0.0,0.0
1.0,1.0,0.0,0.0
0.0,0.0,1.0,1.0
0.0,0.0,0.0,0.0
0.0,0.0,0.0,0.0
0.0,0.0,1.0,1.0
0.0,0.0,0.0,0.0
0.0,0.0,0.0,0.0
1.0,1.0,0.0,0.0
1.0,1.0,0.0,0.0
1.0,1.0,1.0,1.0
0.0,0.0,0.0,0.0
0.0,0.0,0.0,0.0
0.0,0.0,0.0,0.0
0.0,0.0,0.0,0.0
1.0,1.0,1.0,1.0
0.0,0.0,0.0,0.0
0.0,0.0,0.0,0.0
1.0,1.0,1.0,1.0
0.0,0.0,1.0,1.0
0.0,0.0,0.0,0.0
1.0,1.0,1.0,1.0
0.0,0.0,0.0,0.0
0.0,0.0,0.0,0.0
0.0,1.0,1.0,1.0
0.0,0.0,0.0,0.0
0.0,0.0,0.0,0.0
0.0,0.0,0.0,0.0
0.0,0.0,0.0,0.0
0.0,0.0,0.0,0.0
0.0,0.0,0.0,0.0
0.0,0.0,0.0,0.0
0.0,0.0,0.0,0.0
0.0,0.0,0.0,0.0
0.0,0.0,1.0,1.0
0.0,1.0,1.0,1.0
1.0,1.0,1.0,1.0
0.0,0.0,0.0,0.0
0.0,0.0,0.0,0.0
1.0,1.0,0.0,0.0
0.0,0.0,0.0,0.0
1.0,1.0,1.0,1.0
0.0,0.0,0.0,0.0
0.0,0.0,0.0,0.0
0.0,0.0,0.0,0.0
0.0,0.0,0.0,0.0
1.0,1.0,0.0,0.0
1.0,1.0,0.0,0.0
0.0,0.0,0.0,0.0
0.0,0.0,0.0,0.0
0.0,0.0,0.0,0.0
0.0,0.0,0.0,0.0
1.0,1.0,1.0,1.0
0.0,0.0,0.0,0.0
0.0,0.0,0.0,0.0
0.0,0.0,0.0,0.0
0.0,0.0,0.0,0.0
0.0,0.0,0.0,0.0
0.0,0.0,0.0,0.0
0.0,0.0,0.0,0.0
1.0,1.0,1.0,1.0
1.0,1.0,1.0,1.0
0.0,0.0,0.0,0.0
0.0,0.0,0.0,0.0
0.0,0.0,0.0,0.0
0.0,0.0,0.0,0.0
1.0,1.0,1.0,1.0
1.0,1.0,1.0,1.0
0.0,1.0,1.0,1.0
0.0,0.0,0.0,0.0
0.0,0.0,0.0,0.0
0.0,0.0,0.0,0.0
0.0,0.0,0.0,0.0
0.0,0.0,0.0,0.0
0.0,0.0,0.0,0.0
0.0,0.0,0.0,0.0
0.0,0.0,0.0,0.0
0.0,0.0,1.0,1.0
1.0,1.0,0.0,0.0
0.0,0.0,0.0,0.0
0.0,0.0,0.0,0.0
0.0,0.0,0.0,0.0
0.0,0.0,0.0,0.0
0.0,0.0,0.0,0.0
1.0,1.0,0.0,0.0
0.0,0.0,0.0,0.0
0.0,0.0,0.0,0.0
0.0,0.0,0.0,0.0
0.0,0.0,0.0,0.0
0.0,0.0,0.0,0.0
1.0,1.0,1.0,1.0
0.0,0.0,0.0,0.0
1.0,1.0,0.0,0.0
0.0,0.0,0.0,0.0
0.0,0.0,0.0,0.0
0.0,0.0,0.0,0.0
0.0,0.0,0.0,0.0
0.0,0.0,0.0,0.0
0.0,0.0,1.0,1.0
0.0,0.0,0.0,0.0
0.0,0.0,1.0,1.0
0.0,0.0,0.0,0.0
1.0,1.0,1.0,1.0
0.0,0.0,0.0,0.0
0.0,0.0,0.0,0.0
0.0,0.0,0.0,0.0
0.0,1.0,1.0,1.0
1.0,1.0,0.0,0.0
0.0,0.0,0.0,0.0
0.0,0.0,0.0,0.0
0.0,0.0,0.0,0.0
0.0,0.0,0.0,0.0
0.0,0.0,0.0,0.0
0.0,0.0,0.0,0.0
0.0,0.0,0.0,0.0
0.0,0.0,0.0,0.0
1.0,1.0,1.0,1.0
1.0,1.0,1.0,1.0
1.0,1.0,1.0,1.0
0.0,0.0,0.0,0.0
0.0,0.0,0.0,0.0
0.0,0.0,0.0,0.0
0.0,0.0,0.0,0.0
1.0,1.0,1.0,1.0
1.0,1.0,1.0,1.0
0.0,0.0,0.0,0.0
0.0,1.0,1.0,1.0
0.0,1.0,1.0,1.0
0.0,0.0,0.0,0.0
0.0,1.0,0.0,0.0
0.0,0.0,0.0,0.0
0.0,0.0,0.0,0.0
0.0,0.0,0.0,0.0
0.0,0.0,0.0,0.0
1.0,1.0,0.0,0.0
1.0,1.0,1.0,1.0
0.0,0.0,0.0,0.0
0.0,0.0,1.0,1.0
0.0,0.0,0.0,0.0
0.0,0.0,1.0,1.0
0.0,0.0,0.0,0.0
0.0,0.0,0.0,0.0
0.0,1.0,0.0,0.0
0.0,0.0,0.0,0.0
0.0,0.0,0.0,0.0
0.0,0.0,0.0,0.0
0.0,0.0,0.0,0.0
0.0,0.0,0.0,0.0
1.0,1.0,1.0,1.0
0.0,0.0,0.0,0.0
1.0,1.0,0.0,0.0
0.0,0.0,0.0,0.0
0.0,0.0,0.0,0.0
1.0,1.0,1.0,1.0
0.0,0.0,0.0,0.0
0.0,0.0,0.0,0.0
0.0,0.0,0.0,0.0
0.0,0.0,0.0,0.0
0.0,0.0,0.0,0.0
0.0,0.0,0.0,0.0
1.0,1.0,0.0,0.0
0.0,0.0,0.0,0.0
0.0,1.0,0.0,0.0
0.0,0.0,0.0,0.0
0.0,0.0,0.0,0.0
1.0,1.0,0.0,0.0
0.0,0.0,0.0,0.0
0.0,0.0,0.0,0.0
0.0,0.0,0.0,0.0
0.0,0.0,0.0,0.0
0.0,0.0,1.0,1.0
0.0,0.0,0.0,0.0
0.0,1.0,0.0,0.0
0.0,0.0,0.0,0.0
0.0,1.0,1.0,1.0
0.0,0.0,0.0,0.0
0.0,0.0,0.0,0.0
0.0,1.0,1.0,1.0
0.0,0.0,0.0,0.0
0.0,0.0,0.0,0.0
0.0,0.0,0.0,0.0
0.0,0.0,0.0,0.0
1.0,1.0,0.0,1.0
1.0,1.0,1.0,1.0
0.0,0.0,0.0,0.0
0.0,1.0,0.0,0.0
0.0,0.0,0.0,0.0
0.0,0.0,0.0,0.0
0.0,0.0,0.0,0.0
0.0,0.0,0.0,0.0
0.0,1.0,1.0,1.0
0.0,0.0,0.0,0.0
0.0,0.0,0.0,0.0
0.0,0.0,0.0,0.0
0.0,1.0,1.0,1.0
0.0,0.0,0.0,0.0
0.0,0.0,0.0,0.0
0.0,0.0,0.0,0.0
0.0,0.0,0.0,0.0
0.0,0.0,0.0,0.0
0.0,0.0,0.0,0.0
0.0,0.0,0.0,0.0
0.0,0.0,0.0,0.0
0.0,0.0,0.0,0.0
0.0,0.0,0.0,0.0
0.0,0.0,0.0,0.0
1.0,1.0,0.0,0.0
0.0,0.0,0.0,0.0
0.0,0.0,0.0,0.0
1.0,1.0,0.0,0.0
0.0,0.0,0.0,0.0
1.0,1.0,0.0,0.0
0.0,0.0,0.0,0.0
0.0,0.0,0.0,0.0
0.0,0.0,0.0,0.0
0.0,0.0,0.0,0.0
1.0,1.0,1.0,1.0
0.0,0.0,0.0,0.0
0.0,0.0,0.0,0.0
0.0,0.0,0.0,0.0
0.0,0.0,0.0,0.0
0.0,0.0,1.0,1.0
0.0,0.0,0.0,0.0
0.0,0.0,0.0,0.0
0.0,0.0,1.0,1.0
0.0,0.0,0.0,0.0
0.0,0.0,0.0,0.0
0.0,0.0,0.0,0.0
1.0,1.0,1.0,1.0
1.0,0.0,1.0,1.0
0.0,0.0,0.0,0.0
0.0,0.0,0.0,0.0
0.0,0.0,0.0,0.0
0.0,0.0,0.0,0.0
1.0,1.0,1.0,1.0
0.0,0.0,0.0,0.0
0.0,0.0,0.0,0.0
0.0,0.0,0.0,0.0
0.0,0.0,0.0,0.0
0.0,1.0,1.0,1.0
0.0,0.0,0.0,0.0
1.0,1.0,1.0,1.0
0.0,0.0,0.0,0.0
0.0,0.0,0.0,0.0
1.0,1.0,1.0,1.0
0.0,0.0,0.0,0.0
0.0,0.0,0.0,0.0
0.0,0.0,0.0,0.0
0.0,0.0,0.0,0.0
0.0,0.0,0.0,0.0
0.0,0.0,1.0,1.0
1.0,1.0,1.0,0.0
0.0,0.0,0.0,1.0
0.0,0.0,0.0,0.0
1.0,1.0,1.0,1.0
0.0,0.0,0.0,0.0
0.0,0.0,0.0,0.0
0.0,0.0,0.0,0.0
0.0,0.0,0.0,0.0
0.0,0.0,0.0,0.0
0.0,0.0,0.0,0.0
0.0,0.0,0.0,0.0
1.0,1.0,1.0,1.0
0.0,0.0,0.0,0.0
0.0,0.0,1.0,1.0
0.0,0.0,0.0,0.0
0.0,0.0,0.0,0.0
1.0,1.0,1.0,1.0
0.0,0.0,0.0,0.0
1.0,1.0,1.0,1.0
1.0,1.0,1.0,1.0
1.0,1.0,1.0,1.0
0.0,0.0,1.0,1.0
0.0,0.0,0.0,0.0
0.0,1.0,1.0,1.0
0.0,0.0,0.0,0.0
0.0,0.0,0.0,0.0
0.0,0.0,0.0,0.0
0.0,0.0,0.0,0.0
0.0,0.0,0.0,0.0
0.0,0.0,0.0,0.0
0.0,0.0,0.0,0.0
1.0,1.0,0.0,0.0
0.0,0.0,0.0,0.0
0.0,0.0,0.0,0.0
0.0,0.0,0.0,0.0
0.0,0.0,1.0,1.0
0.0,0.0,0.0,0.0
0.0,0.0,0.0,0.0
0.0,0.0,1.0,1.0
0.0,0.0,0.0,0.0
0.0,0.0,0.0,0.0
0.0,0.0,0.0,0.0
0.0,0.0,1.0,1.0
1.0,1.0,0.0,0.0
0.0,0.0,0.0,0.0
0.0,0.0,0.0,0.0
0.0,0.0,1.0,1.0
0.0,0.0,0.0,0.0
0.0,0.0,0.0,0.0
0.0,1.0,1.0,1.0
0.0,0.0,0.0,0.0
0.0,0.0,0.0,0.0
0.0,0.0,0.0,0.0
0.0,0.0,0.0,0.0
0.0,0.0,1.0,0.0
1.0,1.0,1.0,1.0
0.0,0.0,1.0,1.0
0.0,0.0,0.0,0.0
0.0,0.0,1.0,1.0
0.0,0.0,0.0,0.0
0.0,1.0,1.0,1.0
1.0,1.0,1.0,1.0
0.0,0.0,0.0,0.0
0.0,0.0,0.0,0.0
0.0,0.0,1.0,1.0
0.0,0.0,1.0,0.0
0.0,0.0,0.0,0.0
0.0,0.0,0.0,0.0
0.0,0.0,0.0,0.0
0.0,0.0,0.0,0.0
0.0,0.0,0.0,0.0
0.0,0.0,1.0,0.0
0.0,0.0,0.0,0.0
0.0,0.0,0.0,0.0
0.0,0.0,0.0,0.0
0.0,0.0,0.0,0.0
0.0,0.0,0.0,0.0
0.0,0.0,0.0,0.0
0.0,0.0,0.0,0.0
0.0,0.0,0.0,0.0
1.0,1.0,1.0,1.0
0.0,0.0,0.0,0.0
0.0,1.0,1.0,1.0
0.0,1.0,0.0,0.0
1.0,1.0,0.0,0.0
0.0,0.0,0.0,0.0
0.0,0.0,0.0,0.0
0.0,0.0,1.0,1.0
0.0,0.0,0.0,0.0
0.0,0.0,0.0,0.0
0.0,0.0,0.0,0.0
1.0,1.0,1.0,1.0
0.0,0.0,0.0,0.0
0.0,0.0,0.0,0.0
1.0,1.0,1.0,1.0
1.0,1.0,1.0,1.0
0.0,0.0,0.0,0.0
0.0,0.0,0.0,0.0
1.0,1.0,1.0,1.0
0.0,0.0,0.0,0.0
0.0,0.0,0.0,0.0
0.0,0.0,0.0,0.0
1.0,1.0,0.0,0.0
0.0,0.0,0.0,0.0
0.0,0.0,0.0,0.0
0.0,0.0,0.0,0.0
0.0,0.0,1.0,1.0
0.0,0.0,0.0,0.0
1.0,1.0,1.0,1.0
0.0,0.0,0.0,0.0
0.0,0.0,0.0,0.0
0.0,1.0,1.0,1.0
0.0,0.0,0.0,0.0
1.0,1.0,1.0,1.0
0.0,0.0,0.0,0.0
1.0,1.0,0.0,1.0
0.0,1.0,1.0,1.0
0.0,0.0,0.0,0.0
0.0,0.0,0.0,0.0
0.0,0.0,0.0,0.0
1.0,1.0,0.0,0.0
0.0,0.0,0.0,0.0
0.0,0.0,0.0,0.0
0.0,0.0,0.0,0.0
0.0,0.0,0.0,0.0
1.0,1.0,0.0,0.0
0.0,0.0,0.0,0.0
0.0,0.0,0.0,0.0
1.0,1.0,0.0,0.0
0.0,0.0,0.0,0.0
0.0,0.0,0.0,0.0
0.0,0.0,0.0,0.0
0.0,1.0,0.0,0.0
0.0,0.0,0.0,0.0
1.0,1.0,1.0,1.0
0.0,0.0,0.0,0.0
1.0,1.0,0.0,1.0
0.0,0.0,0.0,0.0
0.0,0.0,1.0,1.0
0.0,1.0,1.0,1.0
0.0,0.0,1.0,1.0
0.0,0.0,0.0,0.0
0.0,0.0,0.0,0.0
0.0,0.0,0.0,0.0
1.0,1.0,0.0,0.0
0.0,0.0,1.0,1.0
0.0,0.0,0.0,0.0
1.0,1.0,1.0,1.0
0.0,0.0,0.0,0.0
0.0,0.0,0.0,0.0
0.0,0.0,0.0,0.0
0.0,0.0,0.0,0.0
0.0,0.0,0.0,0.0
1.0,1.0,1.0,1.0
0.0,0.0,1.0,1.0
0.0,0.0,0.0,0.0
1.0,1.0,1.0,1.0
0.0,0.0,0.0,0.0
0.0,0.0,0.0,0.0
0.0,0.0,0.0,0.0
0.0,0.0,0.0,0.0
0.0,0.0,0.0,0.0
0.0,0.0,0.0,0.0
0.0,0.0,0.0,0.0
0.0,0.0,0.0,0.0
0.0,0.0,0.0,0.0
1.0,1.0,1.0,1.0
0.0,0.0,1.0,1.0
0.0,0.0,0.0,0.0
0.0,0.0,0.0,0.0
0.0,0.0,0.0,0.0
1.0,1.0,1.0,1.0
0.0,0.0,0.0,0.0
0.0,0.0,0.0,0.0
0.0,0.0,0.0,0.0
0.0,0.0,0.0,0.0
0.0,0.0,0.0,0.0
0.0,0.0,0.0,0.0
0.0,0.0,0.0,0.0
0.0,0.0,0.0,0.0
0.0,0.0,0.0,0.0
0.0,0.0,0.0,0.0
0.0,0.0,0.0,0.0
0.0,0.0,0.0,0.0
0.0,0.0,0.0,0.0
0.0,0.0,0.0,0.0
0.0,0.0,0.0,0.0
0.0,0.0,0.0,0.0
0.0,0.0,0.0,0.0
0.0,0.0,1.0,1.0
0.0,0.0,0.0,0.0
0.0,0.0,0.0,0.0
0.0,0.0,0.0,0.0
0.0,0.0,0.0,0.0
0.0,0.0,0.0,0.0
0.0,0.0,0.0,0.0
1.0,1.0,1.0,1.0
0.0,0.0,0.0,0.0
1.0,1.0,1.0,1.0
0.0,0.0,0.0,0.0
0.0,0.0,0.0,0.0
0.0,0.0,0.0,0.0
0.0,0.0,0.0,0.0
0.0,0.0,0.0,0.0
0.0,0.0,0.0,0.0
0.0,0.0,0.0,0.0
0.0,0.0,0.0,0.0
0.0,0.0,0.0,0.0
1.0,1.0,1.0,1.0
0.0,0.0,0.0,0.0
1.0,1.0,1.0,1.0
0.0,0.0,0.0,0.0
0.0,0.0,0.0,0.0
1.0,1.0,1.0,1.0
0.0,0.0,0.0,0.0
1.0,1.0,0.0,0.0
0.0,0.0,1.0,1.0
1.0,1.0,1.0,1.0
0.0,0.0,0.0,0.0
0.0,0.0,0.0,0.0
0.0,0.0,0.0,0.0
0.0,0.0,0.0,0.0
1.0,1.0,1.0,1.0
0.0,0.0,0.0,0.0
0.0,0.0,0.0,0.0
0.0,0.0,0.0,0.0
1.0,1.0,1.0,1.0
1.0,1.0,1.0,1.0
1.0,1.0,0.0,0.0
0.0,0.0,0.0,0.0
0.0,0.0,0.0,0.0
1.0,1.0,1.0,1.0
0.0,0.0,0.0,0.0
0.0,0.0,0.0,0.0
0.0,0.0,0.0,0.0
0.0,0.0,0.0,0.0
0.0,0.0,0.0,0.0
0.0,0.0,1.0,1.0
0.0,0.0,0.0,0.0
0.0,0.0,0.0,0.0
0.0,0.0,0.0,1.0
0.0,0.0,0.0,0.0
0.0,0.0,0.0,0.0
0.0,0.0,0.0,0.0
0.0,0.0,0.0,0.0
1.0,1.0,0.0,0.0
0.0,0.0,0.0,0.0
0.0,0.0,0.0,0.0
0.0,0.0,0.0,0.0
0.0,0.0,0.0,0.0
1.0,1.0,1.0,1.0
0.0,0.0,0.0,0.0
0.0,0.0,0.0,0.0
0.0,0.0,0.0,0.0
0.0,0.0,0.0,0.0
0.0,0.0,0.0,0.0
0.0,0.0,0.0,0.0
1.0,1.0,1.0,1.0
0.0,0.0,0.0,0.0
0.0,0.0,0.0,0.0
0.0,0.0,0.0,0.0
0.0,1.0,1.0,1.0
0.0,0.0,0.0,0.0
0.0,0.0,0.0,0.0
0.0,0.0,0.0,0.0
0.0,0.0,0.0,0.0
0.0,0.0,0.0,0.0
0.0,0.0,0.0,0.0
0.0,0.0,1.0,0.0
0.0,0.0,0.0,0.0
0.0,0.0,0.0,0.0
0.0,0.0,0.0,0.0
0.0,0.0,0.0,0.0
1.0,1.0,1.0,1.0
0.0,0.0,1.0,1.0
0.0,0.0,0.0,0.0
0.0,1.0,1.0,1.0
0.0,1.0,0.0,0.0
0.0,0.0,0.0,0.0
0.0,0.0,0.0,0.0
0.0,0.0,0.0,0.0
0.0,0.0,0.0,0.0
0.0,0.0,0.0,0.0
0.0,0.0,0.0,0.0
0.0,0.0,0.0,0.0
0.0,0.0,0.0,0.0
0.0,0.0,0.0,0.0
0.0,0.0,0.0,0.0
0.0,0.0,0.0,0.0
0.0,0.0,0.0,0.0
0.0,0.0,0.0,0.0
1.0,1.0,1.0,1.0
0.0,0.0,0.0,0.0
0.0,0.0,0.0,0.0
0.0,1.0,1.0,1.0
0.0,0.0,0.0,0.0
0.0,0.0,0.0,0.0
1.0,1.0,0.0,0.0
0.0,0.0,0.0,0.0
0.0,0.0,0.0,0.0
0.0,0.0,0.0,0.0
1.0,1.0,0.0,0.0
0.0,0.0,0.0,0.0
0.0,0.0,0.0,0.0
0.0,0.0,0.0,0.0
0.0,0.0,0.0,0.0
1.0,1.0,1.0,1.0
0.0,0.0,0.0,0.0
1.0,1.0,1.0,1.0
0.0,0.0,0.0,0.0
0.0,0.0,0.0,0.0
0.0,0.0,0.0,0.0
0.0,0.0,0.0,0.0
0.0,0.0,0.0,0.0
0.0,0.0,0.0,0.0
0.0,0.0,0.0,0.0
1.0,1.0,0.0,0.0
1.0,1.0,0.0,0.0
0.0,0.0,1.0,1.0
0.0,0.0,1.0,1.0
1.0,1.0,1.0,1.0
0.0,0.0,0.0,0.0
0.0,0.0,0.0,0.0
0.0,0.0,0.0,0.0
0.0,0.0,1.0,1.0
0.0,0.0,1.0,1.0
0.0,0.0,0.0,0.0
0.0,0.0,0.0,0.0
0.0,0.0,0.0,0.0
0.0,0.0,0.0,0.0
0.0,0.0,0.0,0.0
0.0,1.0,0.0,0.0
0.0,0.0,0.0,0.0
0.0,0.0,0.0,0.0
0.0,0.0,0.0,0.0
0.0,1.0,0.0,0.0
0.0,1.0,1.0,1.0
0.0,0.0,0.0,0.0
0.0,0.0,1.0,1.0
0.0,0.0,0.0,0.0
0.0,0.0,0.0,0.0
1.0,1.0,1.0,1.0
0.0,0.0,0.0,0.0
0.0,0.0,0.0,0.0
0.0,0.0,0.0,0.0
0.0,0.0,0.0,0.0
0.0,0.0,0.0,0.0
0.0,0.0,0.0,0.0
0.0,0.0,0.0,0.0
1.0,1.0,1.0,1.0
0.0,0.0,1.0,1.0
0.0,0.0,0.0,0.0
0.0,0.0,0.0,0.0
0.0,0.0,0.0,0.0
1.0,1.0,0.0,0.0
1.0,1.0,1.0,1.0
0.0,0.0,0.0,0.0
1.0,1.0,1.0,1.0
1.0,1.0,1.0,1.0
0.0,1.0,0.0,0.0
0.0,0.0,0.0,0.0
1.0,1.0,0.0,0.0
0.0,0.0,0.0,0.0
1.0,1.0,1.0,1.0
0.0,0.0,0.0,0.0
1.0,1.0,1.0,1.0
0.0,1.0,0.0,0.0
0.0,0.0,1.0,1.0
0.0,0.0,0.0,0.0
0.0,0.0,0.0,0.0
0.0,0.0,0.0,0.0
0.0,0.0,0.0,0.0
0.0,0.0,0.0,0.0
0.0,0.0,0.0,0.0
0.0,0.0,0.0,0.0
1.0,1.0,1.0,1.0
0.0,0.0,0.0,0.0
0.0,0.0,0.0,0.0
0.0,0.0,0.0,0.0
0.0,0.0,0.0,0.0
0.0,1.0,1.0,1.0
0.0,0.0,0.0,0.0
1.0,1.0,0.0,0.0
0.0,0.0,0.0,0.0
1.0,1.0,0.0,0.0
0.0,0.0,0.0,0.0
0.0,0.0,0.0,0.0
0.0,0.0,1.0,1.0
1.0,1.0,0.0,0.0
0.0,0.0,0.0,0.0
0.0,0.0,0.0,0.0
0.0,0.0,0.0,0.0
0.0,0.0,0.0,0.0
0.0,0.0,0.0,0.0
0.0,0.0,0.0,0.0
1.0,1.0,0.0,0.0
0.0,0.0,0.0,0.0
0.0,0.0,0.0,0.0
0.0,0.0,0.0,0.0
0.0,0.0,0.0,0.0
0.0,0.0,0.0,0.0
0.0,0.0,0.0,0.0
1.0,1.0,1.0,1.0
0.0,1.0,1.0,1.0
0.0,0.0,0.0,0.0
0.0,0.0,1.0,0.0
0.0,0.0,0.0,0.0
0.0,0.0,0.0,0.0
0.0,0.0,0.0,0.0
0.0,0.0,0.0,0.0
0.0,0.0,1.0,1.0
0.0,0.0,0.0,0.0
0.0,0.0,0.0,0.0
0.0,0.0,0.0,0.0
0.0,0.0,1.0,1.0
0.0,0.0,0.0,0.0
0.0,0.0,0.0,0.0
0.0,0.0,0.0,0.0
0.0,0.0,0.0,0.0
0.0,0.0,0.0,0.0
0.0,0.0,0.0,0.0
0.0,0.0,1.0,1.0
0.0,0.0,0.0,0.0
0.0,0.0,0.0,0.0
0.0,1.0,1.0,1.0
0.0,1.0,1.0,1.0
0.0,0.0,0.0,0.0
0.0,0.0,1.0,1.0
0.0,0.0,0.0,0.0
0.0,0.0,0.0,0.0
0.0,0.0,0.0,0.0
0.0,0.0,0.0,0.0
0.0,0.0,0.0,0.0
0.0,0.0,0.0,0.0
0.0,0.0,0.0,0.0
0.0,0.0,0.0,0.0
0.0,0.0,0.0,0.0
1.0,1.0,0.0,0.0
1.0,1.0,1.0,1.0
1.0,1.0,1.0,1.0
0.0,0.0,0.0,0.0
0.0,0.0,0.0,0.0
0.0,1.0,1.0,1.0
0.0,0.0,1.0,1.0
0.0,0.0,0.0,0.0
0.0,0.0,0.0,0.0
0.0,1.0,0.0,0.0
1.0,1.0,0.0,0.0
0.0,1.0,1.0,1.0
0.0,0.0,0.0,0.0
0.0,1.0,0.0,0.0
0.0,0.0,0.0,0.0
0.0,0.0,0.0,0.0
0.0,0.0,0.0,0.0
0.0,0.0,1.0,1.0
0.0,0.0,0.0,0.0
0.0,0.0,0.0,0.0
0.0,0.0,0.0,0.0
0.0,0.0,0.0,0.0
0.0,0.0,0.0,0.0
1.0,1.0,1.0,1.0
0.0,0.0,0.0,0.0
0.0,0.0,1.0,1.0
1.0,1.0,1.0,1.0
0.0,1.0,1.0,1.0
1.0,1.0,1.0,1.0
0.0,0.0,0.0,0.0
0.0,0.0,0.0,0.0
0.0,0.0,0.0,0.0
1.0,1.0,0.0,0.0
0.0,0.0,0.0,0.0
0.0,0.0,0.0,0.0
0.0,1.0,0.0,0.0
0.0,1.0,1.0,1.0
0.0,0.0,0.0,0.0
0.0,0.0,0.0,0.0
1.0,1.0,1.0,1.0
0.0,0.0,0.0,0.0
0.0,0.0,0.0,0.0
0.0,0.0,0.0,0.0
0.0,0.0,0.0,0.0
0.0,0.0,0.0,0.0
1.0,1.0,1.0,1.0
0.0,0.0,0.0,0.0
0.0,0.0,0.0,0.0
0.0,0.0,0.0,0.0
1.0,1.0,0.0,0.0
0.0,0.0,0.0,1.0
0.0,0.0,0.0,0.0
0.0,1.0,0.0,0.0
0.0,0.0,0.0,0.0
0.0,0.0,0.0,0.0
0.0,0.0,0.0,0.0
0.0,0.0,0.0,0.0
0.0,0.0,0.0,1.0
0.0,0.0,1.0,1.0
0.0,0.0,0.0,0.0
0.0,0.0,0.0,0.0
0.0,0.0,0.0,0.0
0.0,0.0,0.0,0.0
0.0,0.0,0.0,0.0
1.0,1.0,1.0,1.0
0.0,0.0,0.0,0.0
0.0,0.0,0.0,0.0
0.0,0.0,1.0,1.0
1.0,1.0,1.0,1.0
0.0,0.0,0.0,0.0
0.0,0.0,0.0,0.0
0.0,0.0,1.0,1.0
0.0,0.0,0.0,0.0
0.0,0.0,0.0,0.0
1.0,1.0,1.0,1.0
1.0,1.0,1.0,1.0
0.0,0.0,0.0,0.0
0.0,1.0,1.0,1.0
1.0,1.0,0.0,0.0
0.0,1.0,0.0,0.0
1.0,1.0,1.0,1.0
0.0,1.0,0.0,0.0
0.0,0.0,0.0,0.0
0.0,0.0,0.0,0.0
0.0,0.0,0.0,0.0
0.0,0.0,0.0,0.0
0.0,0.0,0.0,0.0
0.0,0.0,0.0,0.0
0.0,0.0,0.0,0.0
0.0,0.0,0.0,0.0
1.0,1.0,0.0,0.0
0.0,0.0,0.0,0.0
0.0,1.0,0.0,0.0
1.0,1.0,1.0,1.0
0.0,0.0,0.0,0.0
1.0,1.0,1.0,1.0
0.0,0.0,0.0,0.0
1.0,1.0,1.0,1.0
0.0,0.0,0.0,0.0
0.0,0.0,1.0,1.0
1.0,1.0,0.0,0.0
0.0,0.0,0.0,0.0
0.0,0.0,0.0,0.0
1.0,1.0,0.0,0.0
1.0,1.0,1.0,1.0
0.0,0.0,0.0,0.0
0.0,0.0,1.0,1.0
0.0,1.0,1.0,1.0
0.0,0.0,0.0,0.0
0.0,1.0,0.0,0.0
0.0,0.0,0.0,0.0
0.0,0.0,0.0,0.0
0.0,0.0,1.0,1.0
0.0,0.0,0.0,0.0
1.0,1.0,1.0,1.0
1.0,1.0,0.0,0.0
1.0,1.0,1.0,1.0
0.0,0.0,0.0,0.0
1.0,1.0,1.0,1.0
1.0,1.0,0.0,0.0
0.0,0.0,0.0,0.0
0.0,0.0,0.0,1.0
0.0,0.0,0.0,0.0
0.0,1.0,1.0,1.0
0.0,0.0,0.0,0.0
0.0,0.0,0.0,0.0
0.0,0.0,0.0,0.0
1.0,1.0,0.0,0.0
0.0,0.0,0.0,0.0
0.0,0.0,0.0,0.0
1.0,1.0,1.0,1.0
0.0,0.0,0.0,0.0
0.0,0.0,0.0,0.0
0.0,1.0,1.0,1.0
0.0,0.0,1.0,1.0
1.0,1.0,1.0,1.0
1.0,1.0,1.0,1.0
0.0,0.0,0.0,0.0
0.0,0.0,0.0,0.0
0.0,0.0,0.0,0.0
0.0,0.0,0.0,0.0
0.0,0.0,0.0,0.0
1.0,1.0,0.0,0.0
0.0,0.0,1.0,1.0
0.0,0.0,0.0,0.0
0.0,0.0,0.0,0.0
0.0,0.0,0.0,0.0
0.0,0.0,0.0,0.0
0.0,0.0,1.0,1.0
0.0,1.0,1.0,1.0
0.0,0.0,0.0,0.0
1.0,1.0,0.0,0.0
0.0,0.0,0.0,0.0
0.0,0.0,1.0,1.0
1.0,1.0,1.0,1.0
0.0,0.0,0.0,0.0
0.0,0.0,0.0,0.0
1.0,1.0,0.0,0.0
0.0,0.0,0.0,0.0
0.0,0.0,0.0,0.0
0.0,0.0,0.0,0.0
0.0,0.0,0.0,0.0
0.0,0.0,0.0,0.0
0.0,0.0,0.0,0.0
0.0,0.0,0.0,0.0
0.0,0.0,0.0,0.0
1.0,1.0,1.0,1.0
0.0,0.0,0.0,0.0
0.0,0.0,0.0,0.0
0.0,0.0,0.0,0.0
0.0,1.0,0.0,0.0
0.0,0.0,0.0,0.0
0.0,0.0,1.0,1.0
0.0,0.0,0.0,0.0
0.0,0.0,0.0,0.0
0.0,0.0,0.0,0.0
0.0,0.0,0.0,0.0
1.0,1.0,1.0,1.0
0.0,0.0,0.0,0.0
0.0,0.0,0.0,0.0
0.0,0.0,0.0,0.0
1.0,1.0,1.0,1.0
0.0,0.0,0.0,0.0
0.0,0.0,0.0,0.0
0.0,0.0,0.0,0.0
0.0,0.0,0.0,0.0
0.0,0.0,0.0,0.0
0.0,0.0,1.0,1.0
0.0,0.0,0.0,0.0
0.0,0.0,0.0,0.0
0.0,0.0,0.0,0.0
1.0,1.0,1.0,1.0
0.0,0.0,0.0,0.0
0.0,0.0,0.0,0.0
0.0,0.0,0.0,0.0
1.0,1.0,1.0,1.0
1.0,1.0,0.0,0.0
0.0,0.0,0.0,0.0
0.0,0.0,0.0,0.0
0.0,0.0,0.0,0.0
1.0,1.0,1.0,1.0
1.0,1.0,1.0,1.0
0.0,0.0,0.0,0.0
0.0,0.0,0.0,0.0
1.0,1.0,0.0,0.0
0.0,0.0,0.0,0.0
0.0,1.0,1.0,1.0
0.0,0.0,0.0,0.0
0.0,0.0,0.0,0.0
0.0,0.0,0.0,0.0
0.0,0.0,0.0,0.0
1.0,1.0,1.0,1.0
0.0,0.0,0.0,0.0
0.0,0.0,0.0,0.0
0.0,0.0,0.0,0.0
1.0,1.0,1.0,1.0
0.0,0.0,1.0,1.0
1.0,1.0,1.0,1.0
0.0,0.0,0.0,0.0
0.0,0.0,0.0,0.0
0.0,0.0,0.0,0.0
0.0,0.0,0.0,0.0
0.0,0.0,0.0,0.0
0.0,0.0,0.0,0.0
0.0,0.0,0.0,0.0
0.0,0.0,0.0,0.0
0.0,0.0,0.0,0.0
0.0,0.0,0.0,0.0
0.0,0.0,0.0,0.0
0.0,1.0,0.0,0.0
1.0,1.0,1.0,1.0
1.0,1.0,1.0,1.0
0.0,0.0,0.0,0.0
1.0,1.0,1.0,1.0
0.0,0.0,0.0,0.0
0.0,0.0,1.0,1.0
0.0,0.0,1.0,1.0
1.0,1.0,1.0,1.0
0.0,0.0,0.0,0.0
1.0,1.0,1.0,1.0
0.0,0.0,0.0,0.0
0.0,0.0,0.0,0.0
0.0,0.0,1.0,1.0
0.0,0.0,0.0,0.0
0.0,0.0,0.0,0.0
1.0,1.0,1.0,1.0
0.0,0.0,1.0,1.0
0.0,0.0,0.0,0.0
0.0,0.0,0.0,0.0
0.0,0.0,0.0,0.0
0.0,0.0,0.0,0.0
0.0,0.0,1.0,1.0
0.0,0.0,0.0,0.0
0.0,0.0,0.0,0.0
0.0,0.0,0.0,0.0
0.0,0.0,0.0,0.0
0.0,0.0,0.0,0.0
0.0,0.0,0.0,0.0
0.0,0.0,0.0,0.0
0.0,1.0,0.0,0.0
0.0,1.0,1.0,1.0
0.0,0.0,0.0,0.0
0.0,0.0,0.0,0.0
0.0,0.0,0.0,0.0
0.0,0.0,1.0,1.0
0.0,0.0,0.0,0.0
0.0,1.0,0.0,0.0
0.0,0.0,0.0,0.0
0.0,1.0,1.0,0.0
1.0,1.0,0.0,0.0
0.0,0.0,0.0,0.0
1.0,1.0,1.0,1.0
1.0,1.0,0.0,1.0
1.0,1.0,1.0,1.0
0.0,0.0,0.0,0.0
0.0,1.0,0.0,0.0
0.0,0.0,0.0,0.0
0.0,1.0,1.0,1.0
1.0,1.0,1.0,1.0
0.0,0.0,0.0,0.0
0.0,0.0,0.0,0.0
0.0,1.0,0.0,0.0
0.0,0.0,0.0,0.0
0.0,0.0,0.0,0.0
0.0,0.0,0.0,0.0
0.0,1.0,1.0,1.0
0.0,0.0,0.0,0.0
0.0,0.0,1.0,1.0
0.0,0.0,0.0,0.0
0.0,0.0,0.0,0.0
0.0,0.0,0.0,0.0
0.0,0.0,0.0,0.0
0.0,0.0,0.0,0.0
0.0,0.0,1.0,1.0
0.0,0.0,0.0,0.0
0.0,0.0,0.0,0.0
1.0,1.0,1.0,1.0
0.0,0.0,0.0,0.0
0.0,0.0,0.0,0.0
1.0,1.0,0.0,0.0
1.0,1.0,1.0,1.0
0.0,0.0,0.0,0.0
0.0,0.0,0.0,0.0
0.0,0.0,0.0,0.0
0.0,0.0,0.0,0.0
0.0,0.0,0.0,0.0
0.0,0.0,0.0,0.0
0.0,0.0,0.0,0.0
0.0,1.0,0.0,0.0
0.0,0.0,0.0,0.0
0.0,1.0,1.0,1.0
0.0,0.0,0.0,0.0
1.0,1.0,1.0,1.0
0.0,1.0,1.0,1.0
0.0,0.0,0.0,0.0
0.0,0.0,0.0,0.0
0.0,0.0,0.0,0.0
0.0,0.0,0.0,0.0
0.0,0.0,0.0,0.0
0.0,0.0,0.0,0.0
0.0,0.0,0.0,0.0
0.0,0.0,0.0,0.0
0.0,1.0,0.0,0.0
1.0,1.0,1.0,1.0
0.0,0.0,0.0,0.0
1.0,1.0,1.0,1.0
0.0,0.0,0.0,0.0
0.0,0.0,0.0,0.0
0.0,0.0,0.0,0.0
0.0,0.0,0.0,0.0
0.0,0.0,0.0,0.0
0.0,0.0,1.0,1.0
0.0,1.0,1.0,1.0
0.0,0.0,0.0,0.0
0.0,0.0,0.0,0.0
0.0,0.0,0.0,0.0
0.0,0.0,0.0,0.0
0.0,0.0,0.0,0.0
0.0,0.0,1.0,1.0
0.0,0.0,1.0,1.0
0.0,0.0,0.0,0.0
1.0,1.0,1.0,1.0
0.0,1.0,0.0,0.0
0.0,0.0,0.0,0.0
0.0,0.0,0.0,0.0
0.0,0.0,0.0,0.0
1.0,1.0,1.0,1.0
0.0,0.0,0.0,0.0
0.0,0.0,1.0,1.0
1.0,1.0,1.0,1.0
0.0,0.0,0.0,0.0
0.0,0.0,0.0,0.0
1.0,1.0,1.0,1.0
0.0,0.0,0.0,0.0
0.0,0.0,0.0,0.0
0.0,0.0,0.0,0.0
0.0,0.0,0.0,0.0
1.0,1.0,1.0,1.0
1.0,1.0,1.0,1.0
0.0,0.0,0.0,0.0
0.0,0.0,0.0,0.0
0.0,1.0,1.0,1.0
1.0,1.0,0.0,0.0
0.0,0.0,0.0,0.0
0.0,0.0,1.0,1.0
0.0,0.0,0.0,0.0
0.0,0.0,0.0,0.0
0.0,1.0,1.0,1.0
0.0,0.0,0.0,0.0
0.0,0.0,0.0,0.0
0.0,1.0,0.0,0.0
0.0,0.0,0.0,0.0
1.0,1.0,0.0,0.0
0.0,0.0,0.0,0.0
0.0,0.0,0.0,0.0
0.0,0.0,0.0,0.0
1.0,1.0,1.0,1.0
1.0,1.0,1.0,1.0
0.0,1.0,1.0,1.0
1.0,1.0,1.0,1.0
0.0,0.0,0.0,0.0
0.0,0.0,0.0,0.0
1.0,1.0,1.0,1.0
0.0,0.0,0.0,0.0
0.0,1.0,1.0,1.0
0.0,0.0,0.0,0.0
0.0,0.0,0.0,0.0
0.0,0.0,0.0,0.0
1.0,1.0,1.0,1.0
1.0,1.0,1.0,1.0
1.0,1.0,0.0,0.0
0.0,0.0,0.0,0.0
0.0,0.0,0.0,0.0
0.0,0.0,0.0,0.0
0.0,0.0,0.0,0.0
1.0,1.0,1.0,1.0
0.0,0.0,0.0,0.0
0.0,0.0,0.0,0.0
1.0,1.0,0.0,0.0
0.0,0.0,1.0,1.0
0.0,0.0,0.0,0.0
0.0,0.0,1.0,1.0
0.0,0.0,0.0,0.0
0.0,1.0,0.0,0.0
0.0,0.0,0.0,0.0
0.0,0.0,0.0,0.0
0.0,0.0,0.0,0.0
0.0,0.0,0.0,0.0
0.0,0.0,0.0,0.0
0.0,0.0,0.0,0.0
0.0,0.0,0.0,0.0
0.0,0.0,1.0,1.0
0.0,0.0,1.0,1.0
0.0,0.0,0.0,0.0
0.0,0.0,1.0,1.0
0.0,0.0,0.0,0.0
0.0,0.0,0.0,0.0
0.0,0.0,1.0,1.0
0.0,0.0,0.0,0.0
0.0,0.0,0.0,0.0
1.0,1.0,1.0,1.0
0.0,0.0,1.0,1.0
0.0,0.0,0.0,0.0
0.0,0.0,0.0,0.0
0.0,0.0,1.0,1.0
0.0,0.0,0.0,0.0
0.0,0.0,0.0,0.0
0.0,1.0,1.0,1.0
0.0,0.0,0.0,0.0
0.0,0.0,0.0,0.0
0.0,0.0,0.0,0.0
0.0,0.0,0.0,0.0
0.0,0.0,0.0,0.0
1.0,1.0,0.0,0.0
1.0,1.0,0.0,0.0
0.0,0.0,0.0,0.0
1.0,1.0,1.0,1.0
1.0,1.0,1.0,1.0
0.0,0.0,0.0,0.0
0.0,0.0,0.0,0.0
0.0,0.0,0.0,0.0
0.0,0.0,0.0,0.0
0.0,0.0,1.0,1.0
0.0,0.0,0.0,0.0
0.0,0.0,0.0,0.0
0.0,0.0,0.0,0.0
0.0,0.0,0.0,0.0
1.0,1.0,1.0,1.0
1.0,1.0,0.0,0.0
0.0,0.0,0.0,0.0
0.0,0.0,0.0,0.0
0.0,0.0,1.0,1.0
0.0,0.0,0.0,0.0
0.0,0.0,0.0,0.0
0.0,0.0,0.0,0.0
0.0,0.0,0.0,0.0
0.0,0.0,0.0,0.0
0.0,0.0,0.0,0.0
0.0,1.0,1.0,1.0
0.0,0.0,1.0,1.0
1.0,1.0,0.0,0.0
0.0,1.0,1.0,1.0
0.0,0.0,0.0,0.0
0.0,0.0,0.0,0.0
0.0,0.0,0.0,0.0
0.0,0.0,0.0,0.0
0.0,0.0,0.0,0.0
0.0,0.0,0.0,0.0
1.0,1.0,1.0,1.0
0.0,0.0,0.0,0.0
0.0,1.0,1.0,1.0
1.0,1.0,1.0,1.0
0.0,0.0,1.0,1.0
0.0,0.0,0.0,0.0
0.0,0.0,0.0,0.0
0.0,0.0,0.0,0.0
0.0,0.0,1.0,1.0
0.0,0.0,0.0,0.0
0.0,0.0,0.0,0.0
0.0,0.0,0.0,0.0
0.0,0.0,0.0,0.0
0.0,0.0,0.0,0.0
0.0,0.0,1.0,1.0
1.0,1.0,0.0,0.0
0.0,0.0,0.0,0.0
0.0,0.0,1.0,1.0
1.0,1.0,0.0,0.0
0.0,1.0,1.0,1.0
0.0,0.0,0.0,0.0
0.0,0.0,0.0,0.0
0.0,0.0,0.0,0.0
0.0,0.0,0.0,0.0
0.0,0.0,0.0,0.0
0.0,0.0,0.0,0.0
0.0,0.0,0.0,0.0
0.0,0.0,0.0,0.0
0.0,0.0,0.0,0.0
0.0,0.0,0.0,0.0
0.0,0.0,0.0,0.0
0.0,0.0,0.0,0.0
0.0,0.0,0.0,0.0
0.0,1.0,0.0,0.0
0.0,1.0,0.0,0.0
0.0,0.0,1.0,0.0
0.0,0.0,0.0,0.0
1.0,1.0,0.0,0.0
0.0,0.0,0.0,0.0
0.0,0.0,0.0,0.0
0.0,0.0,0.0,0.0
0.0,0.0,0.0,0.0
1.0,1.0,1.0,1.0
0.0,0.0,0.0,0.0
1.0,1.0,0.0,0.0
0.0,0.0,0.0,0.0
1.0,1.0,1.0,1.0
0.0,1.0,1.0,1.0
0.0,0.0,0.0,0.0
1.0,1.0,0.0,0.0
1.0,1.0,1.0,1.0
0.0,0.0,0.0,0.0
0.0,0.0,0.0,0.0
0.0,0.0,0.0,0.0
0.0,0.0,0.0,0.0
0.0,1.0,1.0,1.0
0.0,0.0,0.0,0.0
0.0,0.0,0.0,0.0
0.0,1.0,1.0,1.0
0.0,1.0,1.0,1.0
0.0,0.0,0.0,0.0
1.0,1.0,1.0,1.0
0.0,1.0,1.0,1.0
0.0,0.0,0.0,0.0
0.0,0.0,0.0,0.0
0.0,0.0,0.0,0.0
0.0,0.0,0.0,0.0
0.0,0.0,0.0,0.0
0.0,0.0,0.0,0.0
0.0,0.0,0.0,0.0
0.0,0.0,1.0,1.0
0.0,0.0,0.0,0.0
0.0,0.0,0.0,0.0
0.0,0.0,1.0,1.0
0.0,0.0,0.0,0.0
0.0,1.0,1.0,1.0
0.0,1.0,0.0,0.0
0.0,0.0,0.0,0.0
0.0,0.0,0.0,0.0
0.0,0.0,1.0,1.0
0.0,0.0,0.0,0.0
0.0,0.0,0.0,0.0
1.0,1.0,1.0,1.0
0.0,0.0,0.0,0.0
1.0,1.0,1.0,1.0
0.0,0.0,0.0,0.0
0.0,0.0,0.0,0.0
0.0,0.0,0.0,0.0
0.0,0.0,0.0,0.0
0.0,0.0,0.0,0.0
0.0,0.0,0.0,0.0
0.0,0.0,0.0,0.0
1.0,1.0,1.0,1.0
0.0,0.0,0.0,0.0
0.0,0.0,0.0,0.0
0.0,0.0,0.0,0.0
1.0,1.0,0.0,0.0
0.0,0.0,0.0,0.0
0.0,0.0,0.0,0.0
0.0,0.0,0.0,0.0
0.0,0.0,0.0,0.0
0.0,0.0,0.0,0.0
1.0,1.0,1.0,1.0
1.0,1.0,1.0,1.0
1.0,1.0,1.0,1.0
0.0,0.0,0.0,0.0
1.0,1.0,1.0,1.0
0.0,0.0,0.0,0.0
0.0,0.0,0.0,0.0
0.0,0.0,0.0,0.0
0.0,1.0,0.0,0.0
0.0,0.0,0.0,0.0
0.0,0.0,0.0,0.0
0.0,0.0,0.0,0.0
1.0,1.0,0.0,0.0
0.0,0.0,0.0,0.0
0.0,0.0,0.0,0.0
0.0,0.0,0.0,0.0
0.0,0.0,1.0,1.0
0.0,0.0,0.0,0.0
0.0,0.0,1.0,1.0
0.0,0.0,0.0,0.0
0.0,0.0,0.0,0.0
0.0,0.0,0.0,0.0
0.0,0.0,0.0,0.0
1.0,1.0,1.0,1.0
0.0,0.0,0.0,0.0
0.0,0.0,0.0,0.0
0.0,0.0,0.0,0.0
0.0,0.0,0.0,0.0
1.0,1.0,0.0,0.0
1.0,1.0,1.0,1.0
0.0,0.0,0.0,0.0
0.0,0.0,0.0,0.0
1.0,1.0,0.0,0.0
0.0,0.0,0.0,0.0
0.0,0.0,0.0,0.0
0.0,0.0,1.0,1.0
0.0,0.0,0.0,0.0
0.0,0.0,0.0,0.0
0.0,0.0,0.0,0.0
1.0,1.0,0.0,0.0
0.0,0.0,0.0,0.0
1.0,1.0,1.0,1.0
0.0,1.0,0.0,0.0
0.0,1.0,0.0,0.0
0.0,0.0,0.0,0.0
0.0,0.0,0.0,0.0
1.0,1.0,1.0,1.0
0.0,0.0,0.0,0.0
0.0,0.0,0.0,0.0
1.0,1.0,1.0,1.0
0.0,0.0,0.0,0.0
0.0,0.0,0.0,0.0
1.0,1.0,1.0,1.0
0.0,0.0,0.0,0.0
1.0,1.0,1.0,1.0
1.0,1.0,1.0,1.0
0.0,0.0,1.0,1.0
1.0,1.0,1.0,1.0
0.0,0.0,0.0,0.0
0.0,0.0,0.0,0.0
0.0,0.0,0.0,0.0
0.0,0.0,0.0,0.0
0.0,0.0,0.0,0.0
0.0,0.0,0.0,0.0
0.0,0.0,0.0,0.0
1.0,1.0,1.0,0.0
0.0,0.0,0.0,0.0
0.0,0.0,0.0,0.0
1.0,1.0,1.0,1.0
0.0,0.0,0.0,0.0
0.0,0.0,0.0,0.0
1.0,1.0,1.0,1.0
0.0,0.0,0.0,0.0
1.0,1.0,1.0,1.0
0.0,0.0,0.0,0.0
1.0,1.0,0.0,0.0
0.0,1.0,0.0,0.0
0.0,0.0,0.0,0.0
0.0,0.0,0.0,0.0
0.0,0.0,0.0,0.0
0.0,0.0,0.0,0.0
0.0,0.0,0.0,0.0
0.0,0.0,0.0,0.0
0.0,0.0,0.0,0.0
0.0,0.0,0.0,0.0
0.0,0.0,0.0,0.0
0.0,1.0,0.0,0.0
0.0,0.0,0.0,0.0
0.0,0.0,0.0,0.0
0.0,0.0,0.0,0.0
0.0,0.0,0.0,0.0
0.0,0.0,1.0,1.0
0.0,0.0,0.0,0.0
0.0,0.0,0.0,0.0
0.0,0.0,0.0,0.0
0.0,1.0,0.0,0.0
0.0,1.0,1.0,1.0
0.0,0.0,0.0,0.0
1.0,1.0,1.0,1.0
0.0,0.0,0.0,0.0
0.0,0.0,0.0,0.0
0.0,0.0,0.0,0.0
0.0,1.0,1.0,1.0
0.0,0.0,0.0,0.0
0.0,0.0,0.0,0.0
0.0,1.0,1.0,1.0
1.0,1.0,1.0,1.0
0.0,0.0,0.0,0.0
0.0,0.0,0.0,0.0
0.0,0.0,0.0,0.0
0.0,0.0,0.0,0.0
1.0,1.0,1.0,1.0
0.0,0.0,0.0,0.0
0.0,0.0,0.0,0.0
0.0,0.0,0.0,0.0
0.0,0.0,0.0,0.0
0.0,0.0,0.0,0.0
1.0,1.0,1.0,1.0
0.0,0.0,0.0,0.0
0.0,0.0,0.0,0.0
0.0,0.0,0.0,0.0
0.0,0.0,0.0,0.0
0.0,0.0,0.0,0.0
0.0,0.0,0.0,0.0
0.0,0.0,0.0,0.0
0.0,0.0,0.0,0.0
1.0,1.0,1.0,1.0
0.0,0.0,0.0,0.0
0.0,0.0,0.0,0.0
1.0,1.0,1.0,1.0
0.0,0.0,0.0,0.0
0.0,0.0,1.0,1.0
0.0,0.0,1.0,1.0
0.0,0.0,1.0,0.0
0.0,0.0,0.0,0.0
0.0,0.0,0.0,0.0
0.0,0.0,0.0,0.0
0.0,0.0,1.0,1.0
0.0,0.0,0.0,0.0
0.0,0.0,0.0,0.0
0.0,0.0,0.0,0.0
0.0,0.0,0.0,0.0
0.0,0.0,0.0,0.0
0.0,0.0,0.0,0.0
0.0,0.0,0.0,0.0
0.0,0.0,0.0,0.0
0.0,0.0,0.0,0.0
0.0,0.0,0.0,0.0
0.0,0.0,0.0,0.0
0.0,0.0,0.0,0.0
1.0,1.0,1.0,1.0
0.0,1.0,1.0,1.0
0.0,0.0,0.0,0.0
0.0,0.0,0.0,0.0
0.0,0.0,0.0,0.0
0.0,0.0,0.0,0.0
0.0,0.0,0.0,0.0
1.0,1.0,1.0,1.0
0.0,0.0,0.0,0.0
0.0,0.0,0.0,0.0
0.0,0.0,0.0,0.0
0.0,0.0,1.0,1.0
0.0,0.0,0.0,0.0
0.0,0.0,0.0,0.0
0.0,0.0,0.0,0.0
0.0,0.0,0.0,0.0
0.0,0.0,1.0,1.0
0.0,0.0,0.0,0.0
0.0,0.0,0.0,0.0
0.0,0.0,0.0,0.0
0.0,0.0,1.0,1.0
0.0,1.0,1.0,1.0
0.0,0.0,0.0,0.0
0.0,0.0,0.0,0.0
0.0,0.0,0.0,0.0
0.0,0.0,0.0,0.0
0.0,0.0,1.0,1.0
0.0,1.0,0.0,0.0
0.0,1.0,0.0,0.0
0.0,0.0,0.0,0.0
0.0,0.0,0.0,0.0
0.0,1.0,0.0,0.0
0.0,0.0,0.0,0.0
0.0,0.0,0.0,0.0
0.0,0.0,0.0,0.0
1.0,1.0,1.0,1.0
